Designator,Footprint,Quantity,Value,LCSC Part #
BT1,JST_PH_S2B-PH-K_1x02_P2.00mm_Horizontal,1,3.7v LiPo,
"C1, C10, C13, C17, C22, C31, C32, C34, C8, C9",C_0603_1608Metric,10,10uF,
"C11, C12, C18, C19, C20, C24, C25, C26, C28, C3, C30, C33, C35, C5",C_0603_1608Metric,14,0.1uF,
"C14, C23, C29",C_0603_1608Metric,3,1uF,
"C15, C16",C_0603_1608Metric,2,? F,
"C2, C4",CP_EIA-3528-15_AVX-H_Pad1.50x2.35mm_HandSolder,2,330uF,
C21,C_0603_1608Metric,1,4.7uF ,
C27,C_0603_1608Metric,1,2.2uF,
C6,C_1210_3225Metric,1,150uF,
C7,C_0603_1608Metric,1,22uF,
D1,LED_0603_1608Metric,1,RED,
D2,LED_0603_1608Metric,1,GREEN,
E1,XDCR_ANT-915-USP410,1,ANT-915-USP410,
JP1,SolderJumper-3_P1.3mm_Bridged12_RoundedPad1.0x1.5mm_NumberLabels,1,USER0,
JP2,SolderJumper-3_P1.3mm_Bridged12_RoundedPad1.0x1.5mm_NumberLabels,1,USER1,
JP3,SolderJumper-3_P1.3mm_Bridged12_RoundedPad1.0x1.5mm_NumberLabels,1,SELMPP0,
JP4,SolderJumper-3_P1.3mm_Bridged12_RoundedPad1.0x1.5mm_NumberLabels,1,SELMPP1,
JP5,SolderJumper-3_P1.3mm_Open_RoundedPad1.0x1.5mm_NumberLabels,1,FB_PRIM_EN,
JP6,SolderJumper-3_P1.3mm_Open_RoundedPad1.0x1.5mm_NumberLabels,1,GPS_VBCKP,
L1,L_0603_1608Metric,1,? H,
L2,IND_LPS4012-103MRB,1,10uH 0.55A,
L3,L_0603_1608Metric,1,10uH,
Q1,SOT-23,1,AO3407,
"Q2, Q4",SOT-323_SC-70,2,DMG1012UW,
Q3,SOT-23,1,PMV32UP,
R1,R_0603_1608Metric,1,4.7K,
"R10, R15, R17, R18, R19, R20, R8, R9",R_0603_1608Metric,8,1M,
R11,R_0603_1608Metric,1,100K,
"R12, R13, R5",R_0603_1608Metric,3,1K,
R14,R_0603_1608Metric,1,400K,
R16,R_0603_1608Metric,1,0,
"R2, R21, R3, R4, R6, R7",R_0603_1608Metric,6,10K,
"SC1, SC2, SC3, SC4",KXOB25-05X3F,4,KXOB25-05X3F,
SW3,SW_SPST_B3U-1000P,1,RESET,
SW4,SW_SPST_B3U-1000P,1,BOOT,
TP1,TestPoint_Pad_1.5x1.5mm,1,PRIMIN,
TP10,TestPoint_Pad_D1.5mm,1,SOLAR+,
TP11,TestPoint_Pad_D1.5mm,1,SOLAR-,
TP12,TestPoint_Pad_D1.0mm,1,3V3P,
TP13,TestPoint_Pad_D1.0mm,1,BATT+,
TP14,TestPoint_Pad_D1.0mm,1,BATT-,
TP15,TestPoint_Pad_D2.0mm,1,PRIMIN,
TP16,TestPoint_Pad_D2.0mm,1,GND,
TP2,TestPoint_Pad_1.5x1.5mm,1,TXD2,
TP3,TestPoint_Pad_1.5x1.5mm,1,SWDIO,
TP4,TestPoint_Pad_1.5x1.5mm,1,RXD2,
TP5,TestPoint_Pad_1.5x1.5mm,1,RST,
TP6,TestPoint_Pad_1.5x1.5mm,1,SWCLK,
TP7,TestPoint_Pad_1.5x1.5mm,1,GND,
TP8,TestPoint_Pad_D1.0mm,1,3V3,
TP9,TestPoint_Pad_D1.0mm,1,LiPo+,
U1,BME680-PSON80P300X300X100-8N,1,BME680,
U2,RAK3172,1,RAK3172,
U3,QFN-28-1EP_5x5mm_P0.5mm_EP3.35x3.35mm,1,AEM10941-QFN,
"U4, U6",SOT-23-5_HandSoldering,2,XC6215,
U5,XCVR_L86-M33,1,L86-M33,
U7,PQFN50P250X300X97-14N_0.59x0.30,1,LSM6DSOXTR,
U8,LGA12_ST,1,LIS3MDL,
U9,XDCR_VEML7700-TT,1,VEML7700-TT,
