[{"pos_x": 155.89, "pos_y": -92.81, "rotation": 180.0, "side": "top", "designator": "R9", "mpn": null, "pack": "R_0603_1608Metric", "value": "1M", "mount_type": "smt"}, {"pos_x": 149.18, "pos_y": -73.37, "rotation": 180.0, "side": "top", "designator": "R12", "mpn": null, "pack": "R_0603_1608Metric", "value": "65", "mount_type": "smt"}, {"pos_x": 158.94, "pos_y": -131.45, "rotation": 90.0, "side": "top", "designator": "SC4", "mpn": null, "pack": "KXOB25-05X3F", "value": "KXOB25-05X3F", "mount_type": "smt"}, {"pos_x": 151.8, "pos_y": -86.15, "rotation": 180.0, "side": "top", "designator": "C5", "mpn": null, "pack": "C_0603_1608Metric", "value": "0.1uF", "mount_type": "smt"}, {"pos_x": 152.205, "pos_y": -90.275, "rotation": 90.0, "side": "top", "designator": "SW4", "mpn": null, "pack": "SW_SPST_B3U-1000P", "value": "BOOT", "mount_type": "smt"}, {"pos_x": 143.51, "pos_y": -95.67, "rotation": 0.0, "side": "top", "designator": "C17", "mpn": null, "pack": "C_0603_1608Metric", "value": "10uF", "mount_type": "smt"}, {"pos_x": 159.79, "pos_y": -83.875, "rotation": 90.0, "side": "top", "designator": "C27", "mpn": null, "pack": "C_0603_1608Metric", "value": "2.2uF", "mount_type": "smt"}, {"pos_x": 157.73, "pos_y": -90.53, "rotation": -90.0, "side": "top", "designator": "R8", "mpn": null, "pack": "R_0603_1608Metric", "value": "1M", "mount_type": "smt"}, {"pos_x": 162.31, "pos_y": -98.06, "rotation": -90.0, "side": "top", "designator": "TP7", "mpn": null, "pack": "TestPoint_Pad_1.5x1.5mm", "value": "GND", "mount_type": null}, {"pos_x": 129.9475, "pos_y": -92.445, "rotation": 0.0, "side": "top", "designator": "U2", "mpn": null, "pack": "RAK3172", "value": "RAK3172", "mount_type": "smt"}, {"pos_x": 162.31, "pos_y": -103.26, "rotation": -90.0, "side": "top", "designator": "TP4", "mpn": null, "pack": "TestPoint_Pad_1.5x1.5mm", "value": "RXD2", "mount_type": null}, {"pos_x": 155.59, "pos_y": -90.21, "rotation": -90.0, "side": "top", "designator": "Q2", "mpn": null, "pack": "SOT-323_SC-70", "value": "DMG1012UW", "mount_type": "smt"}, {"pos_x": 133.59, "pos_y": -108.8, "rotation": 90.0, "side": "top", "designator": "C21", "mpn": null, "pack": "C_0603_1608Metric", "value": "4.7uF ", "mount_type": "smt"}, {"pos_x": 142.14, "pos_y": -131.45, "rotation": -90.0, "side": "top", "designator": "SC1", "mpn": null, "pack": "KXOB25-05X3F", "value": "KXOB25-05X3F", "mount_type": "smt"}, {"pos_x": 150.84, "pos_y": -131.45, "rotation": -90.0, "side": "top", "designator": "SC3", "mpn": null, "pack": "KXOB25-05X3F", "value": "KXOB25-05X3F", "mount_type": "smt"}, {"pos_x": 154.44, "pos_y": -73.29, "rotation": 0.0, "side": "top", "designator": "R7", "mpn": null, "pack": "R_0603_1608Metric", "value": "10K", "mount_type": "smt"}, {"pos_x": 137.89, "pos_y": -95.18, "rotation": 180.0, "side": "top", "designator": "JP1", "mpn": null, "pack": "SolderJumper-3_P1.3mm_Bridged12_RoundedPad1.0x1.5mm_NumberLabels", "value": "USER0", "mount_type": null}, {"pos_x": 132.07, "pos_y": -108.8, "rotation": 90.0, "side": "top", "designator": "C20", "mpn": null, "pack": "C_0603_1608Metric", "value": "0.1uF", "mount_type": "smt"}, {"pos_x": 132.77, "pos_y": -111.62, "rotation": 180.0, "side": "top", "designator": "JP6", "mpn": null, "pack": "SolderJumper-3_P1.3mm_Open_RoundedPad1.0x1.5mm_NumberLabels", "value": "GPS_VBCKP", "mount_type": null}, {"pos_x": 153.16, "pos_y": -83.87, "rotation": -90.0, "side": "top", "designator": "R2", "mpn": null, "pack": "R_0603_1608Metric", "value": "10K", "mount_type": "smt"}, {"pos_x": 162.31, "pos_y": -100.66, "rotation": -90.0, "side": "top", "designator": "TP5", "mpn": null, "pack": "TestPoint_Pad_1.5x1.5mm", "value": "RST", "mount_type": null}, {"pos_x": 159.06, "pos_y": -86.185, "rotation": 180.0, "side": "top", "designator": "C26", "mpn": null, "pack": "C_0603_1608Metric", "value": "0.1uF", "mount_type": "smt"}, {"pos_x": 145.7925, "pos_y": -71.77, "rotation": 180.0, "side": "top", "designator": "D2", "mpn": null, "pack": "LED_0603_1608Metric", "value": "GREEN", "mount_type": "smt"}, {"pos_x": 155.95, "pos_y": -77.58, "rotation": -90.0, "side": "top", "designator": "C31", "mpn": null, "pack": "C_0603_1608Metric", "value": "10uF", "mount_type": "smt"}, {"pos_x": 143.5, "pos_y": -94.13, "rotation": 0.0, "side": "top", "designator": "C12", "mpn": null, "pack": "C_0603_1608Metric", "value": "0.1uF", "mount_type": "smt"}, {"pos_x": 148.94, "pos_y": -94.69, "rotation": 0.0, "side": "top", "designator": "R5", "mpn": null, "pack": "R_0603_1608Metric", "value": "1K", "mount_type": "smt"}, {"pos_x": 145.78, "pos_y": -73.37, "rotation": 180.0, "side": "top", "designator": "D1", "mpn": null, "pack": "LED_0603_1608Metric", "value": "RED", "mount_type": "smt"}, {"pos_x": 137.45, "pos_y": -61.8, "rotation": 0.0, "side": "top", "designator": "E1", "mpn": null, "pack": "XDCR_ANT-915-USP410", "value": "ANT-915-USP410", "mount_type": "smt"}, {"pos_x": 154.05, "pos_y": -78.675, "rotation": -90.0, "side": "top", "designator": "C28", "mpn": null, "pack": "C_0603_1608Metric", "value": "0.1uF", "mount_type": "smt"}, {"pos_x": 151.1, "pos_y": -76.33, "rotation": 180.0, "side": "top", "designator": "C29", "mpn": null, "pack": "C_0603_1608Metric", "value": "1uF", "mount_type": "smt"}, {"pos_x": 148.825, "pos_y": -90.285, "rotation": -90.0, "side": "top", "designator": "SW3", "mpn": null, "pack": "SW_SPST_B3U-1000P", "value": "RESET", "mount_type": "smt"}, {"pos_x": 146.77, "pos_y": -107.99, "rotation": 0.0, "side": "top", "designator": "U5", "mpn": null, "pack": "XCVR_L86-M33", "value": "L86-M33", "mount_type": "tht"}, {"pos_x": 162.31, "pos_y": -105.86, "rotation": -90.0, "side": "top", "designator": "TP2", "mpn": null, "pack": "TestPoint_Pad_1.5x1.5mm", "value": "TXD2", "mount_type": null}, {"pos_x": 148.0, "pos_y": -83.865, "rotation": 90.0, "side": "top", "designator": "R3", "mpn": null, "pack": "R_0603_1608Metric", "value": "10K", "mount_type": "smt"}, {"pos_x": 162.26, "pos_y": -108.46, "rotation": 180.0, "side": "top", "designator": "TP1", "mpn": null, "pack": "TestPoint_Pad_1.5x1.5mm", "value": "PRIMIN", "mount_type": null}, {"pos_x": 149.1925, "pos_y": -71.77, "rotation": 180.0, "side": "top", "designator": "R13", "mpn": null, "pack": "R_0603_1608Metric", "value": "65", "mount_type": "smt"}, {"pos_x": 132.84, "pos_y": -131.45, "rotation": 90.0, "side": "top", "designator": "SC2", "mpn": null, "pack": "KXOB25-05X3F", "value": "KXOB25-05X3F", "mount_type": "smt"}, {"pos_x": 133.62, "pos_y": -104.32, "rotation": 90.0, "side": "top", "designator": "C19", "mpn": null, "pack": "C_0603_1608Metric", "value": "0.1uF", "mount_type": "smt"}, {"pos_x": 158.6, "pos_y": -113.515, "rotation": 90.0, "side": "top", "designator": "R19", "mpn": null, "pack": "R_0603_1608Metric", "value": "1M", "mount_type": "smt"}, {"pos_x": 161.32, "pos_y": -83.875, "rotation": 90.0, "side": "top", "designator": "C32", "mpn": null, "pack": "C_0603_1608Metric", "value": "10uF", "mount_type": "smt"}, {"pos_x": 162.25, "pos_y": -113.65, "rotation": -90.0, "side": "top", "designator": "TP6", "mpn": null, "pack": "TestPoint_Pad_1.5x1.5mm", "value": "SWCLK", "mount_type": null}, {"pos_x": 157.47, "pos_y": -77.58, "rotation": -90.0, "side": "top", "designator": "C30", "mpn": null, "pack": "C_0603_1608Metric", "value": "0.1uF", "mount_type": "smt"}, {"pos_x": 151.10675, "pos_y": -79.045, "rotation": 180.0, "side": "top", "designator": "U8", "mpn": null, "pack": "LGA12_ST", "value": "LIS3MDL", "mount_type": "tht"}, {"pos_x": 154.45, "pos_y": -71.75, "rotation": 0.0, "side": "top", "designator": "R6", "mpn": null, "pack": "R_0603_1608Metric", "value": "10K", "mount_type": "smt"}, {"pos_x": 160.23, "pos_y": -77.58, "rotation": 0.0, "side": "top", "designator": "U9", "mpn": null, "pack": "XDCR_VEML7700-TT", "value": "VEML7700-TT", "mount_type": "tht"}, {"pos_x": 151.96, "pos_y": -94.69, "rotation": 180.0, "side": "top", "designator": "C11", "mpn": null, "pack": "C_0603_1608Metric", "value": "0.1uF", "mount_type": "smt"}, {"pos_x": 154.7, "pos_y": -83.875, "rotation": 90.0, "side": "top", "designator": "R21", "mpn": null, "pack": "R_0603_1608Metric", "value": "10K", "mount_type": "smt"}, {"pos_x": 133.21, "pos_y": -69.58, "rotation": 180.0, "side": "top", "designator": "C16", "mpn": null, "pack": "C_0603_1608Metric", "value": "? F", "mount_type": "smt"}, {"pos_x": 156.04, "pos_y": -86.185, "rotation": 0.0, "side": "top", "designator": "C25", "mpn": null, "pack": "C_0603_1608Metric", "value": "0.1uF", "mount_type": "smt"}, {"pos_x": 132.08, "pos_y": -104.32, "rotation": 90.0, "side": "top", "designator": "C1", "mpn": null, "pack": "C_0603_1608Metric", "value": "10uF", "mount_type": "smt"}, {"pos_x": 157.3, "pos_y": -83.88, "rotation": 0.0, "side": "top", "designator": "U7", "mpn": null, "pack": "PQFN50P250X300X97-14N_0.59x0.30", "value": "LSM6DSOXTR", "mount_type": "smt"}, {"pos_x": 149.37, "pos_y": -98.31, "rotation": 0.0, "side": "top", "designator": "REF**", "mpn": null, "pack": "EdgeCut_BWLR1D", "value": "EdgeCut_BWLR1D", "mount_type": "smt"}, {"pos_x": 133.21, "pos_y": -74.13, "rotation": 180.0, "side": "top", "designator": "C15", "mpn": null, "pack": "C_0603_1608Metric", "value": "? F", "mount_type": "smt"}, {"pos_x": 150.58, "pos_y": -83.575, "rotation": 90.0, "side": "top", "designator": "U1", "mpn": null, "pack": "BME680-PSON80P300X300X100-8N", "value": "BME680", "mount_type": "tht"}, {"pos_x": 133.22, "pos_y": -95.18, "rotation": 0.0, "side": "top", "designator": "JP2", "mpn": null, "pack": "SolderJumper-3_P1.3mm_Bridged12_RoundedPad1.0x1.5mm_NumberLabels", "value": "USER1", "mount_type": null}, {"pos_x": 132.44, "pos_y": -71.85, "rotation": 90.0, "side": "top", "designator": "L1", "mpn": null, "pack": "L_0603_1608Metric", "value": "? H", "mount_type": "smt"}, {"pos_x": 148.77, "pos_y": -86.155, "rotation": 0.0, "side": "top", "designator": "C3", "mpn": null, "pack": "C_0603_1608Metric", "value": "0.1uF", "mount_type": "smt"}, {"pos_x": 148.0, "pos_y": -78.65, "rotation": 90.0, "side": "top", "designator": "C33", "mpn": null, "pack": "C_0603_1608Metric", "value": "0.1uF", "mount_type": "smt"}, {"pos_x": 162.25, "pos_y": -111.05, "rotation": -90.0, "side": "top", "designator": "TP3", "mpn": null, "pack": "TestPoint_Pad_1.5x1.5mm", "value": "SWDIO", "mount_type": null}, {"pos_x": 133.03, "pos_y": -116.86, "rotation": 0.0, "side": "bottom", "designator": "BT1", "mpn": null, "pack": "JST_PH_S2B-PH-K_1x02_P2.00mm_Horizontal", "value": "3.7v LiPo", "mount_type": "tht"}, {"pos_x": 160.435, "pos_y": -125.89, "rotation": -90.0, "side": "bottom", "designator": "C9", "mpn": null, "pack": "C_0603_1608Metric", "value": "10uF", "mount_type": "smt"}, {"pos_x": 139.7, "pos_y": -126.42, "rotation": -90.0, "side": "bottom", "designator": "Q4", "mpn": null, "pack": "SOT-323_SC-70", "value": "DMG1012UW", "mount_type": "smt"}, {"pos_x": 156.355, "pos_y": -123.59, "rotation": 0.0, "side": "bottom", "designator": "C22", "mpn": null, "pack": "C_0603_1608Metric", "value": "10uF", "mount_type": "smt"}, {"pos_x": 161.45, "pos_y": -138.04, "rotation": 90.0, "side": "bottom", "designator": "R16", "mpn": null, "pack": "R_0603_1608Metric", "value": "0", "mount_type": "smt"}, {"pos_x": 141.32875, "pos_y": -122.64, "rotation": 180.0, "side": "bottom", "designator": "TP14", "mpn": null, "pack": "TestPoint_Pad_D1.0mm", "value": "BATT-", "mount_type": null}, {"pos_x": 148.72, "pos_y": -121.65, "rotation": 0.0, "side": "bottom", "designator": "TP8", "mpn": null, "pack": "TestPoint_Pad_D1.0mm", "value": "3V3", "mount_type": null}, {"pos_x": 138.62, "pos_y": -137.57, "rotation": 90.0, "side": "bottom", "designator": "R15", "mpn": null, "pack": "R_0603_1608Metric", "value": "1M", "mount_type": "smt"}, {"pos_x": 154.045, "pos_y": -125.89, "rotation": -90.0, "side": "bottom", "designator": "C24", "mpn": null, "pack": "C_0603_1608Metric", "value": "0.1uF", "mount_type": "smt"}, {"pos_x": 152.62, "pos_y": -136.27, "rotation": 90.0, "side": "bottom", "designator": "C8", "mpn": null, "pack": "C_0603_1608Metric", "value": "10uF", "mount_type": "smt"}, {"pos_x": 149.53, "pos_y": -125.825, "rotation": -90.0, "side": "bottom", "designator": "C10", "mpn": null, "pack": "C_0603_1608Metric", "value": "10uF", "mount_type": "smt"}, {"pos_x": 140.22, "pos_y": -137.545, "rotation": 90.0, "side": "bottom", "designator": "R14", "mpn": null, "pack": "R_0603_1608Metric", "value": "400K", "mount_type": "smt"}, {"pos_x": 161.0, "pos_y": -132.85, "rotation": 90.0, "side": "bottom", "designator": "JP3", "mpn": null, "pack": "SolderJumper-3_P1.3mm_Bridged12_RoundedPad1.0x1.5mm_NumberLabels", "value": "SELMPP0", "mount_type": null}, {"pos_x": 143.0, "pos_y": -131.7, "rotation": 90.0, "side": "bottom", "designator": "C34", "mpn": null, "pack": "C_0603_1608Metric", "value": "10uF", "mount_type": "smt"}, {"pos_x": 132.61875, "pos_y": -129.59, "rotation": 180.0, "side": "bottom", "designator": "C2", "mpn": null, "pack": "CP_EIA-3528-15_AVX-H_Pad1.50x2.35mm_HandSolder", "value": "330uF", "mount_type": "smt"}, {"pos_x": 132.62375, "pos_y": -132.98, "rotation": 180.0, "side": "bottom", "designator": "C4", "mpn": null, "pack": "CP_EIA-3528-15_AVX-H_Pad1.50x2.35mm_HandSolder", "value": "330uF", "mount_type": "smt"}, {"pos_x": 151.88875, "pos_y": -125.06, "rotation": 180.0, "side": "bottom", "designator": "TP13", "mpn": null, "pack": "TestPoint_Pad_D1.0mm", "value": "BATT+", "mount_type": null}, {"pos_x": 151.02, "pos_y": -136.27, "rotation": 90.0, "side": "bottom", "designator": "L3", "mpn": null, "pack": "L_0603_1608Metric", "value": "10uH", "mount_type": "smt"}, {"pos_x": 156.58, "pos_y": -132.93, "rotation": 90.0, "side": "bottom", "designator": "JP4", "mpn": null, "pack": "SolderJumper-3_P1.3mm_Bridged12_RoundedPad1.0x1.5mm_NumberLabels", "value": "SELMPP1", "mount_type": null}, {"pos_x": 146.72, "pos_y": -137.07, "rotation": 180.0, "side": "bottom", "designator": "U3", "mpn": null, "pack": "QFN-28-1EP_5x5mm_P0.5mm_EP3.35x3.35mm", "value": "AEM10941-QFN", "mount_type": "smt"}, {"pos_x": 162.25, "pos_y": -101.1, "rotation": 180.0, "side": "bottom", "designator": "TP16", "mpn": null, "pack": "TestPoint_Pad_D2.0mm", "value": "GND", "mount_type": null}, {"pos_x": 132.45, "pos_y": -125.35, "rotation": 180.0, "side": "bottom", "designator": "TP9", "mpn": null, "pack": "TestPoint_Pad_D1.0mm", "value": "LiPo+", "mount_type": null}, {"pos_x": 136.06, "pos_y": -126.62, "rotation": -90.0, "side": "bottom", "designator": "R4", "mpn": null, "pack": "R_0603_1608Metric", "value": "10M", "mount_type": "smt"}, {"pos_x": 148.5, "pos_y": -123.55, "rotation": 180.0, "side": "bottom", "designator": "C14", "mpn": null, "pack": "C_0603_1608Metric", "value": "1uf", "mount_type": "smt"}, {"pos_x": 155.58875, "pos_y": -121.52, "rotation": 180.0, "side": "bottom", "designator": "TP12", "mpn": null, "pack": "TestPoint_Pad_D1.0mm", "value": "3V3P", "mount_type": null}, {"pos_x": 131.35875, "pos_y": -137.16, "rotation": -90.0, "side": "bottom", "designator": "TP11", "mpn": null, "pack": "TestPoint_Pad_D1.5mm", "value": "SOLAR-", "mount_type": null}, {"pos_x": 134.06, "pos_y": -137.12, "rotation": -90.0, "side": "bottom", "designator": "TP10", "mpn": null, "pack": "TestPoint_Pad_D1.5mm", "value": "SOLAR+", "mount_type": null}, {"pos_x": 142.1, "pos_y": -142.7, "rotation": 180.0, "side": "bottom", "designator": "G***", "mpn": null, "pack": "TextLogo_BWLR3D", "value": "LOGO", "mount_type": null}, {"pos_x": 162.225, "pos_y": -104.525, "rotation": 180.0, "side": "bottom", "designator": "TP15", "mpn": null, "pack": "TestPoint_Pad_D2.0mm", "value": "PRIMIN", "mount_type": null}, {"pos_x": 141.82, "pos_y": -137.545, "rotation": -90.0, "side": "bottom", "designator": "R11", "mpn": null, "pack": "R_0603_1608Metric", "value": "100K", "mount_type": "smt"}, {"pos_x": 136.86, "pos_y": -124.35, "rotation": 180.0, "side": "bottom", "designator": "R18", "mpn": null, "pack": "R_0603_1608Metric", "value": "1M", "mount_type": "smt"}, {"pos_x": 157.245, "pos_y": -126.2, "rotation": 180.0, "side": "bottom", "designator": "U6", "mpn": null, "pack": "SOT-23-5_HandSoldering", "value": "XC6215", "mount_type": "smt"}, {"pos_x": 145.4, "pos_y": -131.0, "rotation": 90.0, "side": "bottom", "designator": "C6", "mpn": null, "pack": "C_1210_3225Metric", "value": "150uF", "mount_type": "smt"}, {"pos_x": 137.57, "pos_y": -129.88, "rotation": 180.0, "side": "bottom", "designator": "Q3", "mpn": null, "pack": "SOT-23", "value": "PMV32UP", "mount_type": "smt"}, {"pos_x": 149.53, "pos_y": -131.01, "rotation": 0.0, "side": "bottom", "designator": "L2", "mpn": null, "pack": "IND_LPS4012-103MRB", "value": "10uH 0.55A", "mount_type": "smt"}, {"pos_x": 145.465, "pos_y": -123.55, "rotation": 0.0, "side": "bottom", "designator": "C13", "mpn": null, "pack": "C_0603_1608Metric", "value": "10uF", "mount_type": "smt"}, {"pos_x": 134.3, "pos_y": -73.2, "rotation": 180.0, "side": "bottom", "designator": "G***", "mpn": null, "pack": "TeapotLogo", "value": "LOGO", "mount_type": null}, {"pos_x": 146.3525, "pos_y": -126.15, "rotation": 180.0, "side": "bottom", "designator": "U4", "mpn": null, "pack": "SOT-23-5_HandSoldering", "value": "XC6215", "mount_type": "smt"}, {"pos_x": 137.59, "pos_y": -126.625, "rotation": 90.0, "side": "bottom", "designator": "R1", "mpn": null, "pack": "R_0603_1608Metric", "value": "4.7M", "mount_type": "smt"}, {"pos_x": 159.37, "pos_y": -123.6, "rotation": 180.0, "side": "bottom", "designator": "C23", "mpn": null, "pack": "C_0603_1608Metric", "value": "1uf", "mount_type": "smt"}, {"pos_x": 137.02, "pos_y": -137.545, "rotation": 90.0, "side": "bottom", "designator": "R10", "mpn": null, "pack": "R_0603_1608Metric", "value": "1M", "mount_type": "smt"}, {"pos_x": 158.47, "pos_y": -137.98, "rotation": -90.0, "side": "bottom", "designator": "JP5", "mpn": null, "pack": "SolderJumper-3_P1.3mm_Open_RoundedPad1.0x1.5mm_NumberLabels", "value": "FB_PRIM_EN", "mount_type": null}, {"pos_x": 150.012973, "pos_y": -143.218656, "rotation": 180.0, "side": "bottom", "designator": "G***", "mpn": null, "pack": "TextLogo_Teapot", "value": "LOGO", "mount_type": null}, {"pos_x": 140.28, "pos_y": -129.67, "rotation": 90.0, "side": "bottom", "designator": "R17", "mpn": null, "pack": "R_0603_1608Metric", "value": "1M", "mount_type": "smt"}, {"pos_x": 137.64, "pos_y": -133.47, "rotation": 0.0, "side": "bottom", "designator": "Q1", "mpn": null, "pack": "SOT-23", "value": "AO3407", "mount_type": "smt"}, {"pos_x": 143.18, "pos_y": -125.83, "rotation": -90.0, "side": "bottom", "designator": "C18", "mpn": null, "pack": "C_0603_1608Metric", "value": "0.1uF", "mount_type": "smt"}, {"pos_x": 158.13, "pos_y": -128.93, "rotation": 180.0, "side": "bottom", "designator": "R20", "mpn": null, "pack": "R_0603_1608Metric", "value": "1M", "mount_type": "smt"}, {"pos_x": 151.825, "pos_y": -134.0, "rotation": 0.0, "side": "bottom", "designator": "C7", "mpn": null, "pack": "C_0603_1608Metric", "value": "22uF", "mount_type": "smt"}]