Timestamp(ms),Current(uA)
0,7.571
1,7.344
2,7.224
3,7.203
4,7.199
5,7.220
6,7.281
7,7.302
8,7.300
9,7.204
10,7.165
11,7.216
12,7.244
13,7.281
14,7.272
15,7.263
16,7.238
17,7.228
18,7.248
19,7.235
20,7.232
21,7.273
22,7.295
23,7.264
24,7.218
25,7.192
26,7.225
27,7.245
28,7.277
29,7.267
30,7.211
31,7.197
32,7.197
33,7.242
34,7.222
35,7.230
36,7.253
37,7.226
38,7.218
39,7.179
40,7.185
41,7.196
42,7.223
43,7.271
44,7.224
45,7.170
46,7.172
47,7.195
48,7.224
49,7.217
50,7.235
51,7.203
52,7.179
53,7.208
54,7.180
55,7.204
56,7.192
57,7.209
58,7.248
59,7.144
60,7.166
61,7.144
62,7.156
63,7.215
64,7.190
65,7.243
66,7.167
67,7.133
68,7.182
69,7.148
70,7.205
71,7.191
72,7.189
73,7.194
74,7.122
75,7.170
76,7.153
77,7.146
78,7.209
79,7.177
80,7.204
81,7.140
82,7.101
83,7.182
84,7.130
85,7.212
86,7.204
87,7.132
88,7.158
89,7.083
90,7.159
91,7.173
92,7.102
93,7.182
94,7.126
95,7.145
96,7.138
97,7.082
98,7.157
99,7.113
100,7.192
101,7.190
102,7.062
103,7.127
104,7.075
105,7.157
106,7.181
107,7.113
108,7.178
109,7.073
110,7.117
111,7.148
112,7.062
113,7.156
114,7.091
115,7.177
116,7.154
117,7.040
118,7.111
119,7.045
120,7.132
121,7.191
122,7.098
123,7.108
124,7.004
125,7.101
126,7.149
127,7.066
128,7.128
129,7.086
130,7.131
131,7.148
132,7.053
133,7.097
134,7.043
135,7.151
136,7.201
137,7.100
138,7.076
139,6.985
140,7.102
141,7.155
142,7.073
143,7.112
144,7.004
145,7.082
146,7.118
147,7.040
148,7.070
149,6.984
150,7.130
151,7.148
152,7.039
153,7.045
154,6.955
155,7.085
156,7.148
157,7.100
158,7.105
159,6.949
160,7.061
161,7.093
162,7.055
163,7.085
164,6.988
165,7.123
166,7.114
167,7.017
168,7.058
169,6.926
170,7.090
171,7.158
172,7.070
173,7.055
174,6.883
175,7.034
176,7.108
177,7.039
178,7.098
179,6.950
180,7.067
181,7.091
182,7.004
183,7.051
184,6.911
185,7.072
186,7.146
187,7.031
188,7.056
189,6.877
190,7.028
191,7.100
192,7.045
193,7.117
194,6.899
195,6.999
196,7.071
197,6.999
198,7.095
199,6.926
200,7.077
201,7.117
202,6.991
203,7.082
204,6.897
205,7.028
206,7.101
207,7.031
208,7.098
209,6.870
210,6.968
211,7.050
212,6.992
213,7.102
214,6.922
215,7.053
216,7.078
217,6.977
218,7.061
219,6.895
220,7.014
221,7.112
222,7.017
223,7.054
224,6.871
225,6.967
226,7.062
227,6.956
228,7.082
229,6.946
230,6.966
231,7.027
232,6.943
233,7.053
234,6.909
235,7.014
236,7.111
237,6.960
238,7.031
239,6.880
240,6.962
241,7.044
242,6.968
243,7.099
244,6.919
245,6.959
246,7.018
247,6.942
248,7.070
249,6.949
250,7.028
251,7.065
252,6.918
253,7.029
254,6.901
255,6.971
256,7.050
257,6.969
258,7.054
259,6.885
260,6.951
261,7.008
262,6.923
263,7.075
264,6.959
265,7.015
266,7.008
267,6.912
268,7.061
269,6.931
270,7.034
271,7.079
272,6.988
273,7.034
274,6.890
275,6.989
276,7.022
277,6.907
278,7.056
279,6.944
280,6.985
281,7.000
282,6.861
283,7.025
284,6.921
285,7.020
286,7.063
287,6.865
288,7.010
289,6.872
290,6.971
291,7.019
292,6.894
293,7.053
294,6.874
295,6.964
296,7.003
297,6.862
298,7.032
299,6.923
300,7.034
301,7.024
302,6.838
303,6.996
304,6.889
305,6.991
306,7.056
307,6.888
308,7.014
309,6.863
310,6.967
311,7.026
312,6.844
313,7.033
314,6.931
315,6.975
316,7.012
317,6.807
318,6.982
319,6.890
320,6.997
321,7.082
322,6.855
323,6.957
324,6.850
325,6.947
326,7.047
327,6.845
328,7.012
329,6.903
330,6.951
331,7.028
332,6.804
333,6.981
334,6.889
335,6.986
336,7.095
337,6.812
338,6.950
339,6.853
340,6.946
341,7.061
342,6.853
343,6.990
344,6.848
345,6.915
346,7.032
347,6.823
348,6.961
349,6.891
350,6.975
351,7.027
352,6.813
353,6.940
354,6.858
355,6.954
356,7.069
357,6.873
358,6.935
359,6.822
360,6.905
361,7.019
362,6.811
363,6.962
364,6.888
365,6.907
366,7.006
367,6.804
368,6.940
369,6.850
370,6.942
371,7.069
372,6.818
373,6.917
374,6.815
375,6.896
376,7.026
377,6.841
378,6.983
379,6.835
380,6.899
381,7.006
382,6.823
383,6.969
384,6.858
385,6.962
386,7.055
387,6.793
388,6.930
389,6.792
390,6.888
391,7.031
392,6.814
393,6.955
394,6.790
395,6.882
396,7.025
397,6.815
398,6.989
399,6.873
400,6.925
401,7.011
402,6.789
403,6.964
404,6.835
405,6.909
406,7.063
407,6.804
408,6.941
409,6.779
410,6.851
411,7.004
412,6.796
413,7.009
414,6.849
415,6.836
416,6.982
417,6.757
418,6.967
419,6.849
420,6.897
421,7.061
422,6.744
423,6.939
424,6.805
425,6.827
426,6.998
427,6.775
428,7.011
429,6.813
430,6.820
431,6.984
432,6.759
433,6.984
434,6.871
435,6.901
436,6.996
437,6.746
438,6.951
439,6.836
440,6.852
441,7.019
442,6.777
443,6.926
444,6.804
445,6.799
446,6.985
447,6.742
448,6.975
449,6.891
450,6.813
451,6.964
452,6.727
453,6.954
454,6.878
455,6.847
456,7.009
457,6.717
458,6.925
459,6.839
460,6.825
461,6.977
462,6.743
463,6.999
464,6.877
465,6.804
466,6.946
467,6.716
468,6.968
469,6.888
470,6.875
471,6.962
472,6.676
473,6.902
474,6.829
475,6.823
476,7.545
477,7.680
478,8.096
479,8.078
480,8.077
481,8.219
482,7.926
483,8.115
484,8.012
485,7.995
486,8.134
487,7.878
488,8.131
489,8.051
490,8.043
491,8.133
492,7.818
493,8.048
494,7.975
495,7.972
496,8.096
497,7.845
498,8.093
499,8.032
500,8.004
501,8.050
502,7.768
503,8.007
504,7.934
505,7.921
506,8.057
507,7.785
508,8.042
509,7.979
510,7.867
511,7.981
512,7.713
513,7.960
514,7.904
515,7.899
516,8.047
517,7.762
518,8.021
519,7.881
520,7.861
521,7.995
522,7.685
523,7.942
524,7.907
525,7.886
526,7.961
527,7.627
528,7.871
529,7.819
530,7.809
531,7.977
532,7.681
533,7.930
534,7.876
535,7.813
536,7.951
537,7.636
538,7.872
539,7.826
540,7.819
541,7.996
542,7.618
543,7.795
544,7.723
545,7.718
546,7.901
547,7.622
548,7.847
549,7.816
550,7.808
551,7.946
552,7.571
553,7.749
554,7.725
555,7.694
556,7.896
557,7.597
558,7.787
559,7.764
560,7.724
561,7.848
562,7.550
563,7.728
564,7.712
565,7.691
566,7.897
567,7.623
568,7.722
569,7.690
570,7.657
571,7.861
572,7.574
573,7.751
574,7.718
575,7.642
576,7.809
577,7.543
578,7.715
579,7.686
580,7.650
581,7.869
582,7.573
583,7.689
584,7.640
585,7.598
586,7.826
587,7.580
588,7.733
589,7.646
590,7.567
591,7.763
592,7.516
593,7.681
594,7.629
595,7.600
596,7.835
597,7.516
598,7.648
599,7.593
600,7.567
601,7.811
602,7.568
603,7.737
604,7.580
605,7.531
606,7.752
607,7.494
608,7.660
609,7.600
610,7.541
611,7.715
612,7.458
613,7.624
614,7.552
615,7.503
616,7.752
617,7.509
618,7.625
619,7.536
620,7.464
621,7.710
622,7.473
623,7.659
624,7.585
625,7.467
626,7.669
627,7.435
628,7.601
629,7.520
630,7.464
631,7.710
632,7.437
633,7.587
634,7.491
635,7.395
636,7.670
637,7.452
638,7.622
639,7.538
640,7.373
641,7.616
642,7.379
643,7.558
644,7.514
645,7.401
646,7.672
647,7.382
648,7.523
649,7.475
650,7.358
651,7.633
652,7.408
653,7.593
654,7.488
655,7.323
656,7.577
657,7.355
658,7.538
659,7.508
660,7.380
661,7.584
662,7.344
663,7.492
664,7.466
665,7.300
666,7.587
667,7.389
668,7.515
669,7.451
670,7.274
671,7.554
672,7.334
673,7.507
674,7.490
675,7.295
676,7.509
677,7.285
678,7.456
679,7.455
680,7.299
681,7.562
682,7.350
683,7.461
684,7.428
685,7.265
686,7.515
687,7.320
688,7.481
689,7.471
690,7.226
691,7.443
692,7.251
693,7.421
694,7.420
695,7.262
696,7.512
697,7.274
698,7.411
699,7.405
700,7.249
701,7.496
702,7.310
703,7.479
704,7.434
705,7.226
706,7.446
707,7.234
708,7.415
709,7.421
710,7.281
711,7.482
712,7.218
713,7.370
714,7.373
715,7.234
716,7.481
717,7.260
718,7.386
719,7.352
720,7.185
721,7.441
722,7.210
723,7.365
724,7.395
725,7.228
726,7.428
727,7.178
728,7.341
729,7.364
730,7.194
731,7.458
732,7.218
733,7.325
734,7.320
735,7.152
736,7.437
737,7.193
738,7.359
739,7.386
740,7.176
741,7.408
742,7.142
743,7.301
744,7.334
745,7.171
746,7.459
747,7.168
748,7.258
749,7.284
750,7.116
751,7.407
752,7.159
753,7.291
754,7.328
755,7.100
756,7.384
757,7.128
758,7.257
759,7.304
760,7.154
761,7.469
762,7.130
763,7.228
764,7.277
765,7.122
766,7.425
767,7.186
768,7.306
769,7.281
770,7.099
771,7.399
772,7.146
773,7.227
774,7.298
775,7.147
776,7.379
777,7.107
778,7.182
779,7.254
780,7.106
781,7.408
782,7.191
783,7.211
784,7.255
785,7.084
786,7.383
787,7.166
788,7.231
789,7.278
790,7.124
791,7.371
792,7.134
793,7.192
794,7.249
795,7.098
796,7.411
797,7.200
798,7.191
799,7.211
800,7.063
801,7.353
802,7.168
803,7.209
804,7.268
805,7.058
806,7.317
807,7.128
808,7.171
809,7.212
810,7.079
811,7.374
812,7.125
813,7.134
814,7.159
815,7.039
816,7.349
817,7.158
818,7.211
819,7.178
820,7.019
821,7.309
822,7.105
823,7.175
824,7.196
825,7.073
826,7.324
827,7.083
828,7.127
829,7.146
830,7.020
831,7.310
832,7.136
833,7.170
834,7.133
835,6.981
836,7.273
837,7.095
838,7.162
839,7.186
840,7.036
841,7.258
842,7.055
843,7.112
844,7.141
845,7.008
846,7.315
847,7.137
848,7.141
849,7.127
850,6.962
851,7.280
852,7.103
853,7.183
854,7.200
855,6.968
856,7.231
857,7.044
858,7.098
859,7.136
860,6.971
861,7.275
862,7.065
863,7.078
864,7.121
865,6.945
866,7.240
867,7.077
868,7.137
869,7.170
870,6.934
871,7.210
872,7.036
873,7.094
874,7.159
875,6.985
876,7.246
877,7.018
878,7.069
879,7.121
880,6.944
881,7.229
882,7.078
883,7.113
884,7.127
885,6.923
886,7.166
887,7.038
888,7.079
889,7.165
890,6.993
891,7.162
892,6.997
893,7.022
894,7.120
895,6.947
896,7.201
897,7.064
898,7.048
899,7.106
900,6.913
901,7.144
902,7.022
903,7.076
904,7.170
905,6.949
906,7.128
907,6.996
908,7.033
909,7.121
910,6.958
911,7.165
912,7.009
913,6.999
914,7.084
915,6.919
916,7.130
917,6.999
918,7.039
919,7.135
920,6.942
921,7.118
922,6.965
923,7.003
924,7.110
925,6.980
926,7.156
927,6.937
928,6.958
929,7.088
930,6.959
931,7.143
932,6.998
933,7.043
934,7.071
935,6.915
936,7.110
937,6.945
938,6.962
939,7.104
940,6.986
941,7.110
942,6.914
943,6.925
944,7.067
945,6.952
946,7.155
947,6.978
948,6.954
949,7.039
950,6.911
951,7.113
952,6.942
953,6.971
954,7.118
955,6.959
956,7.078
957,6.886
958,6.913
959,7.057
960,6.932
961,7.140
962,6.943
963,6.889
964,7.026
965,6.915
966,7.107
967,6.932
968,6.920
969,7.073
970,6.899
971,7.085
972,6.892
973,6.870
974,7.049
975,6.941
976,7.156
977,6.890
978,6.839
979,7.006
980,6.894
981,7.117
982,6.946
983,6.894
984,7.017
985,6.879
986,7.088
987,6.920
988,6.858
989,7.038
990,6.927
991,7.081
992,6.897
993,6.809
994,6.990
995,6.889
996,7.098
997,6.966
998,6.836
999,6.979
1000,6.864
1001,7.065
1002,6.923
1003,6.855
1004,7.038
1005,6.912
1006,7.056
1007,6.897
1008,6.800
1009,6.971
1010,6.873
1011,7.082
1012,6.941
1013,6.790
1014,6.937
1015,6.846
1016,7.059
1017,6.944
1018,6.850
1019,7.004
1020,6.839
1021,7.006
1022,6.884
1023,6.787
1024,6.947
1025,6.866
1026,7.065
1027,6.883
1028,6.758
1029,6.904
1030,6.836
1031,7.028
1032,6.912
1033,6.833
1034,6.908
1035,6.807
1036,7.008
1037,6.902
1038,6.818
1039,6.945
1040,6.872
1041,7.017
1042,6.871
1043,6.779
1044,6.916
1045,6.831
1046,7.035
1047,6.950
1048,6.824
1049,6.890
1050,6.784
1051,6.981
1052,6.887
1053,6.841
1054,6.961
1055,6.847
1056,6.968
1057,6.856
1058,6.806
1059,6.920
1060,6.816
1061,7.018
1062,6.940
1063,6.808
1064,6.905
1065,6.788
1066,6.985
1067,6.905
1068,6.857
1069,6.963
1070,6.776
1071,6.952
1072,6.855
1073,6.804
1074,6.926
1075,6.805
1076,7.003
1077,6.861
1078,6.780
1079,6.887
1080,6.759
1081,6.949
1082,6.880
1083,6.836
1084,6.889
1085,6.744
1086,6.921
1087,6.858
1088,6.821
1089,6.938
1090,6.808
1091,6.935
1092,6.830
1093,6.775
1094,6.916
1095,6.778
1096,6.955
1097,6.894
1098,6.808
1099,6.905
1100,6.764
1101,6.915
1102,6.865
1103,6.827
1104,6.969
1105,6.815
1106,6.882
1107,6.828
1108,6.782
1109,6.912
1110,6.791
1111,6.915
1112,6.874
1113,6.772
1114,6.876
1115,6.758
1116,6.872
1117,6.847
1118,6.819
1119,6.952
1120,6.760
1121,6.855
1122,6.806
1123,6.771
1124,6.913
1125,6.814
1126,6.918
1127,6.797
1128,6.754
1129,6.888
1130,6.773
1131,6.855
1132,6.826
1133,6.809
1134,6.869
1135,6.756
1136,6.832
1137,6.797
1138,6.785
1139,6.907
1140,6.834
1141,6.839
1142,6.757
1143,6.734
1144,6.871
1145,6.801
1146,6.877
1147,6.832
1148,6.780
1149,6.859
1150,6.773
1151,6.847
1152,6.789
1153,6.785
1154,6.920
1155,6.823
1156,6.852
1157,6.750
1158,6.736
1159,6.850
1160,6.792
1161,6.859
1162,6.780
1163,6.729
1164,6.836
1165,6.776
1166,6.840
1167,6.786
1168,6.791
1169,6.901
1170,6.777
1171,6.836
1172,6.744
1173,6.736
1174,6.877
1175,6.824
1176,6.880
1177,6.744
1178,6.720
1179,6.848
1180,6.797
1181,6.885
1182,6.794
1183,6.783
1184,6.845
1185,6.765
1186,6.841
1187,6.763
1188,6.737
1189,6.863
1190,6.817
1191,6.828
1192,6.729
1193,6.682
1194,6.807
1195,6.772
1196,6.851
1197,6.793
1198,6.702
1199,6.806
1200,6.754
1201,6.831
1202,6.782
1203,6.738
1204,6.870
1205,6.776
1206,6.804
1207,6.744
1208,6.684
1209,6.814
1210,6.776
1211,6.861
1212,6.763
1213,6.674
1214,6.775
1215,6.740
1216,6.803
1217,6.779
1218,6.728
1219,6.793
1220,6.713
1221,6.777
1222,6.738
1223,6.680
1224,6.790
1225,6.772
1226,6.801
1227,6.734
1228,6.663
1229,6.754
1230,6.727
1231,6.796
1232,6.799
1233,6.724
1234,6.755
1235,6.711
1236,6.772
1237,6.769
1238,6.707
1239,6.785
1240,6.770
1241,6.737
1242,6.743
1243,6.678
1244,6.734
1245,6.728
1246,6.790
1247,6.809
1248,6.693
1249,6.708
1250,6.704
1251,6.766
1252,6.781
1253,6.752
1254,6.797
1255,6.712
1256,6.729
1257,6.748
1258,6.713
1259,6.760
1260,6.739
1261,6.792
1262,6.745
1263,6.696
1264,6.733
1265,6.713
1266,6.778
1267,6.795
1268,6.771
1269,6.728
1270,6.687
1271,6.698
1272,6.727
1273,6.730
1274,6.751
1275,6.727
1276,6.709
1277,6.712
1278,6.699
1279,6.717
1280,6.685
1281,6.729
1282,6.770
1283,6.725
1284,6.718
1285,6.657
1286,6.704
1287,6.740
1288,6.740
1289,6.773
1290,6.688
1291,6.676
1292,6.707
1293,6.703
1294,6.749
1295,6.689
1296,6.734
1297,6.755
1298,6.711
1299,6.712
1300,6.666
1301,6.686
1302,6.741
1303,6.762
1304,6.772
1305,6.657
1306,6.666
1307,6.731
1308,6.724
1309,6.765
1310,6.697
1311,6.704
1312,6.694
1313,6.693
1314,6.729
1315,6.669
1316,6.687
1317,6.743
1318,6.744
1319,6.736
1320,6.661
1321,6.641
1322,6.711
1323,6.722
1324,6.758
1325,6.721
1326,6.634
1327,6.654
1328,6.669
1329,6.719
1330,6.695
1331,6.681
1332,6.744
1333,6.697
1334,6.701
1335,6.675
1336,6.658
1337,6.708
1338,6.728
1339,6.762
1340,6.696
1341,6.637
1342,6.673
1343,6.688
1344,6.733
1345,6.739
1346,6.700
1347,6.700
1348,6.683
1349,6.709
1350,6.685
1351,6.650
1352,6.696
1353,6.744
1354,6.707
1355,6.687
1356,6.642
1357,6.665
1358,6.696
1359,6.721
1360,6.751
1361,6.674
1362,6.642
1363,6.678
1364,6.696
1365,6.711
1366,6.689
1367,6.704
1368,6.703
1369,6.692
1370,6.700
1371,6.670
1372,6.647
1373,6.712
1374,6.739
1375,6.727
1376,6.639
1377,6.605
1378,6.652
1379,6.707
1380,6.721
1381,6.714
1382,6.683
1383,6.672
1384,6.697
1385,6.697
1386,6.693
1387,6.695
1388,6.722
1389,7.297
1390,7.788
1391,7.969
1392,8.000
1393,8.045
1394,8.027
1395,7.972
1396,7.959
1397,7.932
1398,7.948
1399,7.997
1400,8.007
1401,8.015
1402,7.989
1403,7.921
1404,7.928
1405,7.901
1406,7.918
1407,7.901
1408,7.906
1409,7.985
1410,7.974
1411,7.975
1412,7.923
1413,7.839
1414,7.892
1415,7.884
1416,7.901
1417,7.905
1418,7.876
1419,7.955
1420,7.949
1421,7.931
1422,7.840
1423,7.788
1424,7.855
1425,7.851
1426,7.856
1427,7.879
1428,7.832
1429,7.895
1430,7.912
1431,7.814
1432,7.807
1433,7.749
1434,7.828
1435,7.822
1436,7.859
1437,7.886
1438,7.819
1439,7.888
1440,7.801
1441,7.772
1442,7.787
1443,7.737
1444,7.800
1445,7.805
1446,7.810
1447,7.847
1448,7.802
1449,7.777
1450,7.736
1451,7.745
1452,7.770
1453,7.730
1454,7.768
1455,7.771
1456,7.790
1457,7.829
1458,7.724
1459,7.698
1460,7.686
1461,7.725
1462,7.735
1463,7.702
1464,7.760
1465,7.757
1466,7.808
1467,7.761
1468,7.668
1469,7.699
1470,7.673
1471,7.723
1472,7.727
1473,7.702
1474,7.735
1475,7.722
1476,7.738
1477,7.683
1478,7.634
1479,7.663
1480,7.638
1481,7.695
1482,7.706
1483,7.695
1484,7.733
1485,7.687
1486,7.657
1487,7.651
1488,7.616
1489,7.655
1490,7.608
1491,7.693
1492,7.699
1493,7.670
1494,7.726
1495,7.584
1496,7.630
1497,7.606
1498,7.594
1499,7.653
1500,7.585
1501,7.685
1502,7.699
1503,7.672
1504,7.670
1505,7.538
1506,7.608
1507,7.609
1508,7.577
1509,7.646
1510,7.574
1511,7.659
1512,7.658
1513,7.611
1514,7.638
1515,7.545
1516,7.642
1517,7.639
1518,7.611
1519,7.707
1520,7.581
1521,7.620
1522,7.585
1523,7.562
1524,7.666
1525,7.562
1526,7.649
1527,7.620
1528,7.550
1529,7.625
1530,7.515
1531,7.596
1532,7.592
1533,7.569
1534,7.677
1535,7.477
1536,7.525
1537,7.521
1538,7.503
1539,7.601
1540,7.508
1541,7.562
1542,7.564
1543,7.551
1544,7.604
1545,7.490
1546,7.546
1547,7.541
1548,7.528
1549,7.647
1550,7.565
1551,7.564
1552,7.520
1553,7.497
1554,7.610
1555,7.525
1556,7.583
1557,7.555
1558,7.486
1559,7.573
1560,7.474
1561,7.520
1562,7.495
1563,7.489
1564,7.618
1565,7.533
1566,7.512
1567,7.459
1568,7.446
1569,7.558
1570,7.515
1571,7.592
1572,7.534
1573,7.439
1574,7.541
1575,7.451
1576,7.536
1577,7.472
1578,7.470
1579,7.604
1580,7.450
1581,7.497
1582,7.420
1583,7.418
1584,7.552
1585,7.487
1586,7.576
1587,7.425
1588,7.392
1589,7.502
1590,7.432
1591,7.503
1592,7.422
1593,7.419
1594,7.521
1595,7.413
1596,7.503
1597,7.393
1598,7.379
1599,7.546
1600,7.478
1601,7.552
1602,7.394
1603,7.341
1604,7.502
1605,7.424
1606,7.554
1607,7.437
1608,7.377
1609,7.471
1610,7.366
1611,7.503
1612,7.391
1613,7.351
1614,7.508
1615,7.442
1616,7.502
1617,7.367
1618,7.302
1619,7.473
1620,7.394
1621,7.544
1622,7.416
1623,7.290
1624,7.436
1625,7.352
1626,7.503
1627,7.391
1628,7.326
1629,7.510
1630,7.373
1631,7.486
1632,7.364
1633,7.277
1634,7.467
1635,7.387
1636,7.539
1637,7.386
1638,7.259
1639,7.415
1640,7.334
1641,7.499
1642,7.406
1643,7.313
1644,7.436
1645,7.313
1646,7.454
1647,7.351
1648,7.259
1649,7.420
1650,7.355
1651,7.499
1652,7.352
1653,7.238
1654,7.399
1655,7.320
1656,7.499
1657,7.407
1658,7.305
1659,7.380
1660,7.263
1661,7.443
1662,7.340
1663,7.255
1664,7.396
1665,7.332
1666,7.457
1667,7.325
1668,7.219
1669,7.355
1670,7.295
1671,7.476
1672,7.381
1673,7.240
1674,7.327
1675,7.249
1676,7.415
1677,7.321
1678,7.239
1679,7.363
1680,7.271
1681,7.427
1682,7.297
1683,7.220
1684,7.353
1685,7.265
1686,7.471
1687,7.342
1688,7.202
1689,7.319
1690,7.229
1691,7.424
1692,7.326
1693,7.266
1694,7.382
1695,7.206
1696,7.384
1697,7.276
1698,7.220
1699,7.337
1700,7.234
1701,7.452
1702,7.283
1703,7.199
1704,7.310
1705,7.194
1706,7.404
1707,7.321
1708,7.258
1709,7.324
1710,7.153
1711,7.380
1712,7.262
1713,7.212
1714,7.345
1715,7.211
1716,7.403
1717,7.255
1718,7.199
1719,7.317
1720,7.166
1721,7.399
1722,7.286
1723,7.223
1724,7.311
1725,7.140
1726,7.350
1727,7.261
1728,7.213
1729,7.353
1730,7.207
1731,7.336
1732,7.215
1733,7.166
1734,7.328
1735,7.165
1736,7.381
1737,7.274
1738,7.184
1739,7.308
1740,7.128
1741,7.346
1742,7.241
1743,7.222
1744,7.359
1745,7.128
1746,7.308
1747,7.193
1748,7.180
1749,7.333
1750,7.169
1751,7.373
1752,7.213
1753,7.154
1754,7.291
1755,7.123
1756,7.312
1757,7.216
1758,7.193
1759,7.297
1760,7.115
1761,7.274
1762,7.162
1763,7.180
1764,7.323
1765,7.174
1766,7.337
1767,7.168
1768,7.168
1769,7.290
1770,7.147
1771,7.336
1772,7.219
1773,7.247
1774,7.285
1775,7.112
1776,7.295
1777,7.168
1778,7.180
1779,7.318
1780,7.208
1781,7.323
1782,7.149
1783,7.154
1784,7.289
1785,7.159
1786,7.359
1787,7.217
1788,7.171
1789,7.265
1790,7.131
1791,7.331
1792,7.161
1793,7.212
1794,7.343
1795,7.152
1796,7.299
1797,7.115
1798,7.167
1799,7.282
1800,7.154
1801,7.361
1802,7.150
1803,7.154
1804,7.254
1805,7.116
1806,7.323
1807,7.143
1808,7.180
1809,7.275
1810,7.092
1811,7.312
1812,7.103
1813,7.147
1814,7.271
1815,7.154
1816,7.381
1817,7.122
1818,7.144
1819,7.253
1820,7.125
1821,7.371
1822,7.168
1823,7.207
1824,7.247
1825,7.078
1826,7.333
1827,7.115
1828,7.157
1829,7.287
1830,7.138
1831,7.351
1832,7.101
1833,7.118
1834,7.235
1835,7.112
1836,7.354
1837,7.157
1838,7.127
1839,7.197
1840,7.062
1841,7.316
1842,7.118
1843,7.133
1844,7.269
1845,7.107
1846,7.323
1847,7.118
1848,7.141
1849,7.241
1850,7.110
1851,7.386
1852,7.158
1853,7.110
1854,7.200
1855,7.067
1856,7.336
1857,7.146
1858,7.162
1859,7.248
1860,7.043
1861,7.286
1862,7.099
1863,7.118
1864,7.218
1865,7.092
1866,7.359
1867,7.116
1868,7.103
1869,7.168
1870,7.047
1871,7.310
1872,7.133
1873,7.187
1874,7.185
1875,7.025
1876,7.283
1877,7.105
1878,7.152
1879,7.203
1880,7.090
1881,7.324
1882,7.100
1883,7.127
1884,7.154
1885,7.039
1886,7.328
1887,7.159
1888,7.176
1889,7.141
1890,7.008
1891,7.289
1892,7.108
1893,7.164
1894,7.196
1895,7.058
1896,7.282
1897,7.091
1898,7.144
1899,7.164
1900,7.035
1901,7.356
1902,7.162
1903,7.156
1904,7.146
1905,6.996
1906,7.296
1907,7.114
1908,7.205
1909,7.210
1910,6.981
1911,7.264
1912,7.078
1913,7.156
1914,7.160
1915,7.004
1916,7.326
1917,7.086
1918,7.140
1919,7.138
1920,6.979
1921,7.288
1922,7.095
1923,7.196
1924,7.154
1925,6.936
1926,7.241
1927,7.061
1928,7.165
1929,7.181
1930,7.004
1931,7.309
1932,7.069
1933,7.155
1934,7.162
1935,6.973
1936,7.300
1937,7.112
1938,7.218
1939,7.157
1940,6.947
1941,7.249
1942,7.069
1943,7.177
1944,7.208
1945,7.005
1946,7.235
1947,7.025
1948,7.144
1949,7.174
1950,6.962
1951,7.271
1952,7.100
1953,7.144
1954,7.139
1955,6.928
1956,7.243
1957,7.059
1958,7.182
1959,7.201
1960,6.933
1961,7.198
1962,7.018
1963,7.158
1964,7.175
1965,6.977
1966,7.265
1967,7.035
1968,7.137
1969,7.148
1970,6.956
1971,7.224
1972,7.041
1973,7.185
1974,7.171
1975,6.929
1976,7.181
1977,7.006
1978,7.133
1979,7.157
1980,6.980
1981,7.227
1982,6.992
1983,7.130
1984,7.145
1985,6.975
1986,7.234
1987,7.045
1988,7.192
1989,7.128
1990,6.944
1991,7.186
1992,6.983
1993,7.150
1994,7.170
1995,7.018
1996,7.197
1997,6.972
1998,7.134
1999,7.133
2000,7.000
2001,7.263
2002,7.055
2003,7.131
2004,7.129
2005,6.951
2006,7.206
2007,6.988
2008,7.152
2009,7.174
2010,6.971
2011,7.189
2012,6.944
2013,7.135
2014,7.144
2015,7.015
2016,7.276
2017,6.976
2018,7.111
2019,7.108
2020,6.987
2021,7.232
2022,6.984
2023,7.169
2024,7.149
2025,6.968
2026,7.208
2027,6.952
2028,7.128
2029,7.143
2030,7.012
2031,7.257
2032,6.942
2033,7.093
2034,7.109
2035,6.992
2036,7.261
2037,7.006
2038,7.177
2039,7.107
2040,6.972
2041,7.241
2042,6.975
2043,7.131
2044,7.142
2045,7.054
2046,7.243
2047,6.946
2048,7.088
2049,7.103
2050,7.010
2051,7.280
2052,7.025
2053,7.091
2054,7.088
2055,6.961
2056,7.228
2057,6.970
2058,7.107
2059,7.120
2060,6.950
2061,7.190
2062,6.925
2063,7.065
2064,7.086
2065,7.011
2066,7.273
2067,6.960
2068,7.061
2069,7.052
2070,6.977
2071,7.231
2072,6.994
2073,7.137
2074,7.073
2075,6.952
2076,7.189
2077,6.961
2078,7.092
2079,7.092
2080,7.027
2081,7.255
2082,6.979
2083,7.096
2084,7.068
2085,6.995
2086,7.246
2087,7.014
2088,7.135
2089,7.033
2090,6.952
2091,7.206
2092,6.977
2093,7.131
2094,7.082
2095,7.043
2096,7.199
2097,6.950
2098,7.102
2099,7.044
2100,6.997
2101,7.247
2102,7.014
2103,7.107
2104,7.010
2105,6.958
2106,7.199
2107,6.972
2108,7.152
2109,7.083
2110,6.970
2111,7.190
2112,6.943
2113,7.124
2114,7.048
2115,6.998
2116,7.248
2117,6.959
2118,7.103
2119,7.020
2120,6.979
2121,7.217
2122,6.976
2123,7.195
2124,7.045
2125,6.952
2126,7.171
2127,6.924
2128,7.146
2129,7.071
2130,7.009
2131,7.209
2132,6.926
2133,7.108
2134,7.025
2135,6.964
2136,7.201
2137,6.987
2138,7.157
2139,7.018
2140,6.905
2141,7.154
2142,6.935
2143,7.134
2144,7.058
2145,6.965
2146,7.155
2147,6.896
2148,7.102
2149,7.033
2150,6.965
2151,7.198
2152,6.966
2153,7.112
2154,7.029
2155,6.945
2156,7.182
2157,6.933
2158,7.156
2159,7.088
2160,6.939
2161,7.143
2162,6.909
2163,7.123
2164,7.076
2165,6.999
2166,7.208
2167,6.909
2168,7.101
2169,7.045
2170,6.954
2171,7.170
2172,6.933
2173,7.157
2174,7.049
2175,6.975
2176,7.127
2177,6.894
2178,7.127
2179,7.077
2180,7.020
2181,7.143
2182,6.869
2183,7.100
2184,7.052
2185,6.994
2186,7.166
2187,6.950
2188,7.145
2189,7.026
2190,6.974
2191,7.122
2192,6.895
2193,7.142
2194,7.080
2195,7.017
2196,7.111
2197,6.854
2198,7.099
2199,7.059
2200,7.029
2201,7.188
2202,6.912
2203,7.112
2204,7.030
2205,7.015
2206,7.137
2207,6.891
2208,7.145
2209,7.055
2210,7.005
2211,7.104
2212,6.836
2213,7.089
2214,7.034
2215,7.038
2216,7.166
2217,6.846
2218,7.087
2219,7.020
2220,7.029
2221,7.162
2222,6.881
2223,7.156
2224,7.024
2225,6.999
2226,7.129
2227,6.829
2228,7.112
2229,7.057
2230,7.089
2231,7.156
2232,6.831
2233,7.095
2234,7.022
2235,7.064
2236,7.213
2237,6.904
2238,7.113
2239,7.012
2240,7.015
2241,7.155
2242,6.849
2243,7.119
2244,7.058
2245,7.037
2246,7.151
2247,6.820
2248,7.072
2249,7.019
2250,7.048
2251,7.228
2252,6.854
2253,7.046
2254,6.999
2255,7.008
2256,7.174
2257,6.881
2258,7.119
2259,7.010
2260,7.002
2261,7.142
2262,6.857
2263,7.081
2264,7.024
2265,7.070
2266,7.186
2267,6.854
2268,7.038
2269,6.986
2270,7.040
2271,7.190
2272,6.908
2273,7.095
2274,6.979
2275,6.993
2276,7.147
2277,6.866
2278,7.068
2279,7.017
2280,7.075
2281,7.134
2282,6.835
2283,7.027
2284,6.965
2285,7.049
2286,7.841
2287,20.122
2288,1466.835
2289,10364.534
2290,9010.815
2291,7557.645
2292,6820.694
2293,6800.917
2294,6206.672
2295,5880.844
2296,5713.317
2297,5572.491
2298,5631.654
2299,5545.114
2300,5618.388
2301,5621.484
2302,5517.900
2303,5588.932
2304,5513.487
2305,5603.950
2306,5611.370
2307,5533.467
2308,5610.447
2309,5503.879
2310,5607.529
2311,5618.189
2312,5556.616
2313,5599.679
2314,5522.394
2315,5612.013
2316,6533.773
2317,7358.934
2318,7854.132
2319,7919.964
2320,8095.889
2321,8041.718
2322,7843.343
2323,7817.641
2324,7701.574
2325,7772.506
2326,7761.905
2327,7713.793
2328,7784.510
2329,7691.059
2330,7766.953
2331,7763.167
2332,7720.580
2333,7786.215
2334,7662.165
2335,7764.414
2336,7786.036
2337,7694.695
2338,7703.162
2339,6610.604
2340,6071.296
2341,5801.218
2342,5649.371
2343,5660.471
2344,5531.556
2345,5622.811
2346,5627.435
2347,5572.962
2348,5630.688
2349,5540.611
2350,5619.156
2351,5607.776
2352,5560.865
2353,5619.267
2354,5521.852
2355,5616.646
2356,5615.962
2357,5568.873
2358,5604.835
2359,5498.288
2360,5598.939
2361,6653.911
2362,7440.652
2363,7868.294
2364,7900.261
2365,8068.575
2366,8020.742
2367,7845.575
2368,7812.724
2369,7694.693
2370,7750.851
2371,7851.755
2372,7870.786
2373,7843.748
2374,7714.378
2375,7774.830
2376,7772.699
2377,7706.374
2378,7750.104
2379,7674.741
2380,7755.977
2381,7753.585
2382,7712.839
2383,7582.563
2384,12612.569
2385,82106.766
2386,36930.387
2387,18185.582
2388,11007.958
2389,8457.671
2390,8984.609
2391,9298.831
2392,8226.821
2393,7717.494
2394,7398.607
2395,7351.281
2396,7309.114
2397,7294.099
2398,7310.789
2399,7224.832
2400,7311.929
2401,7465.790
2402,7575.414
2403,7672.113
2404,7584.981
2405,7662.769
2406,7669.053
2407,7655.572
2408,7676.245
2409,7580.022
2410,7643.601
2411,7622.553
2412,7601.632
2413,7640.552
2414,7541.253
2415,7633.228
2416,7615.051
2417,7606.892
2418,7646.983
2419,7560.508
2420,7647.232
2421,7627.190
2422,7618.130
2423,7632.909
2424,7550.581
2425,7643.619
2426,7621.952
2427,7624.137
2428,7652.578
2429,7559.330
2430,7640.599
2431,7618.118
2432,7578.486
2433,7626.945
2434,7548.291
2435,7636.195
2436,7620.758
2437,7611.139
2438,7640.013
2439,7547.032
2440,7645.750
2441,7610.427
2442,7604.709
2443,7642.993
2444,7567.989
2445,7642.940
2446,7624.030
2447,7597.552
2448,7649.479
2449,7571.641
2450,7999.327
2451,8311.541
2452,7939.073
2453,7800.509
2454,7643.280
2455,7684.555
2456,7665.250
2457,7638.537
2458,7662.455
2459,7587.878
2460,7882.584
2461,8455.333
2462,8659.105
2463,8748.025
2464,8122.619
2465,7903.625
2466,7763.548
2467,7684.136
2468,7698.397
2469,7608.918
2470,7674.588
2471,7663.602
2472,7618.730
2473,8084.875
2474,8515.527
2475,9129.595
2476,10173.923
2477,10403.482
2478,10031.429
2479,9754.285
2480,9772.700
2481,9704.155
2482,9445.673
2483,9470.063
2484,9394.661
2485,9454.369
2486,9409.312
2487,10008.911
2488,9886.232
2489,9926.945
2490,9401.074
2491,9078.279
2492,8941.652
2493,8998.535
2494,8971.274
2495,8711.361
2496,8497.395
2497,8376.822
2498,8353.721
2499,8273.073
2500,8355.846
2501,8339.836
2502,8338.049
2503,8335.388
2504,8522.724
2505,9146.710
2506,9367.253
2507,9145.914
2508,8865.303
2509,9060.255
2510,9221.532
2511,9259.634
2512,9269.704
2513,9256.333
2514,9253.729
2515,9403.805
2516,9500.079
2517,9484.193
2518,9439.306
2519,9329.126
2520,9405.445
2521,9357.126
2522,9343.061
2523,9176.998
2524,9044.564
2525,9325.510
2526,9430.975
2527,9450.327
2528,9462.698
2529,9129.878
2530,8665.505
2531,8394.629
2532,8283.203
2533,8245.555
2534,8156.945
2535,8240.738
2536,8214.157
2537,8192.214
2538,8190.382
2539,8124.020
2540,8204.814
2541,8197.818
2542,8188.764
2543,8189.622
2544,8099.127
2545,8184.819
2546,8185.114
2547,8177.334
2548,8193.096
2549,8113.259
2550,8210.087
2551,8177.104
2552,8179.566
2553,8203.002
2554,8115.989
2555,8191.916
2556,8175.799
2557,8174.980
2558,8166.983
2559,8112.209
2560,8189.200
2561,8186.114
2562,8170.602
2563,8177.748
2564,8104.530
2565,8156.017
2566,8164.490
2567,8165.151
2568,8178.862
2569,8116.017
2570,8176.458
2571,8179.373
2572,8149.359
2573,8168.193
2574,8097.316
2575,8166.848
2576,8172.273
2577,8168.160
2578,8180.792
2579,8113.192
2580,8157.135
2581,8167.744
2582,8169.962
2583,8174.510
2584,8114.395
2585,8173.497
2586,8181.033
2587,8148.254
2588,8169.510
2589,8126.899
2590,8169.161
2591,8175.542
2592,8178.165
2593,8185.668
2594,8124.341
2595,8165.821
2596,8177.877
2597,8169.997
2598,8179.196
2599,8131.587
2600,8157.599
2601,8148.480
2602,8157.271
2603,8166.430
2604,8114.858
2605,8157.102
2606,8167.976
2607,8177.298
2608,8159.366
2609,8104.456
2610,8144.353
2611,8142.122
2612,8151.358
2613,8158.416
2614,8117.420
2615,8138.878
2616,8136.148
2617,8153.893
2618,8154.508
2619,8132.461
2620,8158.351
2621,8147.663
2622,8156.917
2623,8141.467
2624,8116.312
2625,8156.212
2626,8395.714
2627,9028.593
2628,8926.044
2629,8488.732
2630,8295.415
2631,8223.703
2632,8504.501
2633,8922.288
2634,9029.398
2635,9250.331
2636,9357.587
2637,9041.978
2638,8579.490
2639,8325.428
2640,8267.821
2641,8212.002
2642,8222.942
2643,8213.058
2644,8179.563
2645,8205.222
2646,8210.656
2647,8215.938
2648,8223.840
2649,8206.459
2650,8216.771
2651,8178.512
2652,8194.425
2653,8224.550
2654,8205.232
2655,8217.989
2656,8202.241
2657,8208.404
2658,8216.839
2659,8184.258
2660,8216.154
2661,8193.249
2662,8193.011
2663,8219.794
2664,8203.272
2665,8234.364
2666,8187.669
2667,8189.602
2668,8214.938
2669,8196.443
2670,8200.780
2671,8187.081
2672,8195.192
2673,8198.698
2674,8189.295
2675,8199.906
2676,8201.151
2677,8187.962
2678,8201.229
2679,8189.350
2680,8188.221
2681,8206.585
2682,8189.048
2683,8212.458
2684,8204.715
2685,8219.505
2686,8200.452
2687,8176.574
2688,8202.542
2689,8203.118
2690,8217.850
2691,8204.693
2692,8196.660
2693,8198.120
2694,8181.514
2695,8203.021
2696,8202.562
2697,8193.426
2698,8206.059
2699,8209.229
2700,8219.080
2701,8206.859
2702,8194.521
2703,8214.105
2704,8220.951
2705,8218.991
2706,8207.970
2707,8200.551
2708,8213.430
2709,8193.648
2710,8209.695
2711,8223.077
2712,8221.817
2713,8216.088
2714,8232.868
2715,8237.437
2716,8211.868
2717,8220.285
2718,8205.454
2719,8214.588
2720,8219.237
2721,8219.771
2722,8228.737
2723,8222.387
2724,8224.823
2725,8218.686
2726,8221.165
2727,8218.484
2728,8217.594
2729,8225.452
2730,8223.281
2731,8201.512
2732,8216.327
2733,8211.784
2734,8232.510
2735,8521.132
2736,8383.505
2737,8290.937
2738,8238.951
2739,8242.736
2740,8249.677
2741,8252.683
2742,8251.651
2743,8239.577
2744,8229.729
2745,8232.050
2746,8241.491
2747,8241.472
2748,8228.869
2749,8220.929
2750,8237.853
2751,8239.929
2752,8215.806
2753,8236.477
2754,8218.177
2755,8240.332
2756,8239.070
2757,8247.766
2758,8242.949
2759,8217.778
2760,8237.505
2761,8255.130
2762,8261.572
2763,8249.776
2764,8234.303
2765,8250.527
2766,8230.294
2767,8227.482
2768,8238.138
2769,8227.911
2770,8227.750
2771,8242.664
2772,8235.655
2773,8233.706
2774,8211.206
2775,8242.835
2776,8244.779
2777,8247.469
2778,8232.199
2779,8215.291
2780,8252.550
2781,8244.061
2782,8241.905
2783,8232.306
2784,8218.900
2785,8236.543
2786,8238.596
2787,8248.919
2788,8212.494
2789,8202.794
2790,8224.116
2791,8239.004
2792,8241.214
2793,8239.687
2794,8237.151
2795,8221.568
2796,8222.910
2797,8227.901
2798,8227.457
2799,8220.710
2800,8237.853
2801,8244.357
2802,8221.569
2803,8235.121
2804,8221.549
2805,8234.983
2806,8247.219
2807,8241.392
2808,8232.009
2809,8195.975
2810,8221.556
2811,8243.465
2812,8241.629
2813,8232.518
2814,8209.231
2815,8214.489
2816,8215.114
2817,8233.075
2818,8240.763
2819,8229.421
2820,8241.643
2821,8225.807
2822,8232.019
2823,8241.703
2824,8204.451
2825,8223.451
2826,8228.237
2827,8243.813
2828,8246.926
2829,8224.879
2830,8233.069
2831,8207.917
2832,8245.631
2833,8244.920
2834,8210.042
2835,8244.392
2836,8237.549
2837,8253.025
2838,8248.000
2839,8219.261
2840,8252.790
2841,8238.531
2842,8259.841
2843,8266.782
2844,8235.370
2845,8245.374
2846,8237.501
2847,8251.468
2848,8253.685
2849,8223.973
2850,8250.711
2851,8235.174
2852,8228.784
2853,8232.543
2854,8205.837
2855,8238.901
2856,8242.465
2857,8263.385
2858,8267.852
2859,8212.491
2860,8241.679
2861,8241.404
2862,8247.205
2863,8249.959
2864,8206.875
2865,8255.592
2866,8239.637
2867,8215.900
2868,8242.227
2869,8201.119
2870,8250.867
2871,8219.405
2872,8235.520
2873,8257.936
2874,8194.769
2875,8238.499
2876,8237.529
2877,8250.557
2878,8253.549
2879,8192.427
2880,8242.485
2881,8219.069
2882,8240.955
2883,8266.159
2884,8221.411
2885,8255.242
2886,8248.448
2887,8232.933
2888,8230.393
2889,8183.893
2890,8247.133
2891,8237.039
2892,8222.268
2893,8241.734
2894,8187.609
2895,8251.468
2896,8239.786
2897,8241.889
2898,8256.810
2899,8202.536
2900,8252.142
2901,8240.593
2902,8219.239
2903,8236.448
2904,8193.788
2905,8245.709
2906,8245.709
2907,8239.399
2908,8244.635
2909,8211.491
2910,8246.035
2911,8242.864
2912,8232.330
2913,8240.764
2914,8211.267
2915,8259.420
2916,8246.849
2917,8220.995
2918,8243.721
2919,8182.914
2920,8259.179
2921,8247.915
2922,8235.060
2923,8241.116
2924,8164.357
2925,8236.844
2926,8242.210
2927,8236.778
2928,8240.829
2929,8188.827
2930,8713.448
2931,9101.779
2932,8806.212
2933,8486.303
2934,8288.551
2935,8298.505
2936,8259.188
2937,8247.818
2938,8227.331
2939,8160.177
2940,8245.060
2941,8239.750
2942,8247.613
2943,8251.013
2944,8178.465
2945,8251.187
2946,8236.152
2947,8247.969
2948,8237.784
2949,8167.770
2950,8260.098
2951,8237.338
2952,8223.823
2953,8233.378
2954,8170.196
2955,8253.562
2956,8237.478
2957,8233.512
2958,8229.590
2959,8152.945
2960,8230.501
2961,8237.320
2962,8232.753
2963,8241.553
2964,8155.068
2965,8262.155
2966,8253.264
2967,8224.595
2968,8233.738
2969,8140.139
2970,8238.354
2971,8234.202
2972,8229.816
2973,8252.216
2974,8141.400
2975,8241.242
2976,8229.150
2977,8230.641
2978,8257.673
2979,8166.778
2980,8264.926
2981,8228.068
2982,8218.961
2983,8246.051
2984,8165.571
2985,8261.452
2986,8251.581
2987,8243.597
2988,8248.434
2989,8144.481
2990,8244.428
2991,8250.805
2992,8251.184
2993,8252.540
2994,8156.413
2995,8251.929
2996,8235.968
2997,8223.889
2998,8241.631
2999,8159.706
3000,8247.771
3001,8257.447
3002,8239.042
3003,8236.206
3004,8154.283
3005,8239.855
3006,8236.083
3007,8225.219
3008,8251.437
3009,8158.729
3010,8230.383
3011,8256.064
3012,8243.506
3013,8248.673
3014,8166.129
3015,8253.152
3016,8250.218
3017,8215.098
3018,8246.078
3019,8163.878
3020,8230.555
3021,8246.242
3022,8219.427
3023,8247.836
3024,8148.262
3025,8228.189
3026,8248.340
3027,8231.479
3028,8254.743
3029,8189.980
3030,8280.510
3031,8258.731
3032,8229.797
3033,8276.553
3034,8189.092
3035,8262.169
3036,8256.452
3037,8256.181
3038,8278.155
3039,8170.863
3040,8254.356
3041,8249.827
3042,8230.604
3043,8265.267
3044,8194.973
3045,8254.070
3046,8233.600
3047,8235.539
3048,8266.498
3049,8192.002
3050,8261.109
3051,8250.711
3052,8222.067
3053,8245.018
3054,8151.249
3055,8240.837
3056,8242.165
3057,8231.420
3058,8267.440
3059,8175.901
3060,8239.063
3061,8231.027
3062,8217.478
3063,8267.150
3064,8176.244
3065,8264.528
3066,8245.095
3067,8206.478
3068,8255.563
3069,8181.064
3070,8259.078
3071,8241.569
3072,8218.492
3073,8266.349
3074,8170.093
3075,8250.059
3076,8239.916
3077,8221.052
3078,8276.366
3079,8175.992
3080,8264.222
3081,8233.453
3082,8191.272
3083,8248.359
3084,8168.175
3085,8248.124
3086,8239.385
3087,8214.979
3088,8278.534
3089,8168.461
3090,8253.154
3091,8252.060
3092,8209.074
3093,8269.894
3094,8174.384
3095,8258.049
3096,8230.221
3097,8204.634
3098,8276.659
3099,8184.110
3100,8278.256
3101,8256.984
3102,8205.408
3103,8249.770
3104,8177.599
3105,8269.651
3106,8249.892
3107,8228.062
3108,8277.369
3109,8192.727
3110,8251.845
3111,8258.566
3112,8203.030
3113,8272.663
3114,8194.124
3115,8284.613
3116,8273.843
3117,8202.737
3118,8253.687
3119,8193.904
3120,8271.997
3121,8258.417
3122,8212.769
3123,8275.800
3124,8191.781
3125,8270.050
3126,8541.110
3127,9053.666
3128,9061.643
3129,8557.983
3130,8429.057
3131,8344.868
3132,8228.799
3133,8286.103
3134,8209.681
3135,8291.020
3136,8283.747
3137,8221.398
3138,8280.841
3139,8201.367
3140,8291.387
3141,8279.618
3142,8222.203
3143,8270.411
3144,8205.076
3145,8287.427
3146,8269.119
3147,8203.693
3148,8283.330
3149,8204.701
3150,8289.867
3151,8270.544
3152,8219.111
3153,8257.150
3154,8190.632
3155,8281.457
3156,8270.620
3157,8225.938
3158,8277.053
3159,8189.059
3160,8272.864
3161,8266.593
3162,8206.527
3163,8265.080
3164,8188.446
3165,8301.959
3166,8286.799
3167,8198.977
3168,8260.713
3169,8186.107
3170,8284.121
3171,8278.187
3172,8202.600
3173,8279.367
3174,8180.179
3175,8269.359
3176,8272.081
3177,8195.693
3178,8260.328
3179,8181.998
3180,8282.063
3181,8264.110
3182,8175.770
3183,8265.858
3184,8191.918
3185,8272.741
3186,8271.668
3187,8207.233
3188,8278.155
3189,8179.354
3190,8283.542
3191,8279.834
3192,8192.729
3193,8281.247
3194,8195.854
3195,8286.497
3196,8266.850
3197,8184.704
3198,8284.476
3199,8191.516
3200,8285.067
3201,8289.154
3202,8201.108
3203,8284.486
3204,8198.380
3205,8280.043
3206,8284.714
3207,8202.020
3208,8290.987
3209,8192.646
3210,8257.553
3211,8285.324
3212,8196.520
3213,8291.088
3214,8188.836
3215,8273.291
3216,8292.714
3217,8182.770
3218,8277.663
3219,8192.485
3220,8277.196
3221,8284.712
3222,8193.703
3223,8288.722
3224,8186.837
3225,8266.852
3226,8286.874
3227,8196.225
3228,8298.804
3229,8210.444
3230,8266.110
3231,8269.411
3232,8187.169
3233,8298.048
3234,8212.886
3235,8280.371
3236,8294.039
3237,8190.801
3238,8279.445
3239,8184.692
3240,8272.734
3241,8299.474
3242,8202.425
3243,8297.110
3244,8209.252
3245,8271.905
3246,8282.884
3247,8201.970
3248,8307.706
3249,8212.281
3250,8275.924
3251,8286.548
3252,8190.700
3253,8297.624
3254,8210.861
3255,8275.114
3256,8281.553
3257,8197.756
3258,8307.318
3259,8200.634
3260,8260.024
3261,8304.569
3262,8210.149
3263,8303.688
3264,8216.087
3265,8276.822
3266,8285.590
3267,8173.203
3268,8275.607
3269,8187.857
3270,8261.832
3271,8275.578
3272,8188.483
3273,8298.695
3274,8185.072
3275,8248.950
3276,8268.326
3277,8182.117
3278,8283.829
3279,8202.662
3280,8278.619
3281,8260.695
3282,8186.771
3283,8459.717
3284,8281.145
3285,8305.138
3286,8287.912
3287,8200.196
3288,8304.754
3289,8199.327
3290,8255.138
3291,8250.778
3292,8140.099
3293,8275.936
3294,8197.293
3295,8263.563
3296,9088.783
3297,8639.466
3298,8478.373
3299,8284.266
3300,8292.919
3301,8262.026
3302,8164.520
3303,8290.156
3304,8196.591
3305,8266.190
3306,8269.000
3307,8167.623
3308,8280.796
3309,8187.310
3310,8233.503
3311,8243.060
3312,8167.309
3313,8294.898
3314,8201.777
3315,8258.396
3316,8286.674
3317,8190.540
3318,8314.104
3319,8227.447
3320,8260.408
3321,8276.168
3322,8277.773
3323,8988.813
3324,9141.396
3325,9267.952
3326,9338.146
3327,9355.652
3328,9654.967
3329,9602.869
3330,9726.077
3331,9798.911
3332,9703.669
3333,9817.146
3334,9724.585
3335,9784.731
3336,9816.091
3337,9718.245
3338,9790.206
3339,9746.259
3340,9795.922
3341,9804.582
3342,9706.138
3343,9816.636
3344,9757.980
3345,9801.997
3346,9822.137
3347,9703.511
3348,9797.446
3349,9742.437
3350,9769.955
3351,9797.146
3352,9678.881
3353,9785.876
3354,9743.697
3355,9791.309
3356,9822.570
3357,9724.807
3358,9815.456
3359,9747.701
3360,9971.915
3361,10094.837
3362,9998.655
3363,10124.930
3364,10054.188
3365,10110.521
3366,10147.254
3367,10058.585
3368,10151.248
3369,10055.645
3370,10120.729
3371,10157.028
3372,10043.896
3373,10144.104
3374,10055.045
3375,10116.213
3376,10112.895
3377,10039.475
3378,10159.765
3379,10053.141
3380,10120.206
3381,10173.481
3382,10058.073
3383,10121.055
3384,10045.255
3385,10083.531
3386,10145.893
3387,10044.183
3388,10144.693
3389,10052.280
3390,10107.570
3391,10161.954
3392,9862.713
3393,9859.986
3394,9715.792
3395,9746.380
3396,9790.788
3397,9649.458
3398,9750.269
3399,9665.795
3400,9715.505
3401,9785.929
3402,9668.304
3403,9772.548
3404,9656.257
3405,9698.525
3406,9769.858
3407,9656.938
3408,9775.386
3409,9682.782
3410,9716.614
3411,9787.727
3412,9647.409
3413,9768.683
3414,9680.472
3415,9698.091
3416,9747.195
3417,9651.583
3418,9753.536
3419,9644.112
3420,9672.186
3421,9758.863
3422,9654.641
3423,9733.663
3424,9896.678
3425,13677.110
3426,19886.813
3427,23327.287
3428,19001.795
3429,13905.501
3430,11695.667
3431,10928.129
3432,10543.907
3433,10554.224
3434,10487.602
3435,10541.804
3436,10688.743
3437,10622.571
3438,10780.545
3439,10771.577
3440,10850.203
3441,10983.635
3442,10970.626
3443,11131.728
3444,11103.849
3445,11171.859
3446,11326.981
3447,11296.393
3448,11429.931
3449,11453.179
3450,11522.765
3451,11662.944
3452,11636.785
3453,11816.859
3454,11784.902
3455,11791.422
3456,11949.534
3457,11948.988
3458,12113.434
3459,12096.404
3460,12157.850
3461,12305.495
3462,12278.719
3463,12431.902
3464,12430.683
3465,12486.545
3466,12650.496
3467,12622.949
3468,12792.733
3469,12759.033
3470,12827.378
3471,12992.167
3472,12940.936
3473,13127.714
3474,13110.029
3475,13160.322
3476,13308.715
3477,13257.665
3478,13452.654
3479,13409.288
3480,13492.043
3481,13662.603
3482,13630.481
3483,13799.597
3484,13729.594
3485,13841.924
3486,13992.948
3487,13968.133
3488,14081.287
3489,14079.160
3490,14156.556
3491,14323.941
3492,14292.966
3493,14479.725
3494,14450.627
3495,14470.424
3496,14645.389
3497,14619.724
3498,14785.506
3499,14765.278
3500,14801.255
3501,14978.044
3502,14957.733
3503,15152.828
3504,15078.212
3505,15133.193
3506,15316.627
3507,15281.741
3508,15493.697
3509,15456.804
3510,15499.976
3511,15651.119
3512,15616.500
3513,15788.093
3514,15803.528
3515,15845.877
3516,16010.592
3517,15955.495
3518,16150.009
3519,16133.920
3520,16163.603
3521,16363.117
3522,16309.674
3523,16497.732
3524,16498.484
3525,16551.193
3526,16725.924
3527,16650.066
3528,16773.803
3529,16830.055
3530,16879.584
3531,17063.486
3532,17019.104
3533,17179.039
3534,17164.375
3535,17169.617
3536,17359.564
3537,17336.223
3538,17491.461
3539,17502.041
3540,17524.049
3541,17684.840
3542,17615.676
3543,17808.418
3544,17798.211
3545,17843.557
3546,18017.451
3547,17968.021
3548,18152.859
3549,18146.801
3550,18205.045
3551,18319.238
3552,18298.035
3553,18461.309
3554,18476.152
3555,18529.578
3556,18648.584
3557,18627.023
3558,18803.744
3559,18826.248
3560,18881.789
3561,19037.625
3562,19004.660
3563,19141.570
3564,19156.260
3565,19232.475
3566,19401.223
3567,19321.814
3568,19466.115
3569,19504.012
3570,19551.578
3571,19743.605
3572,19709.801
3573,19888.338
3574,18393.773
3575,13259.308
3576,10984.898
3577,9767.331
3578,9462.410
3579,8619.846
3580,8075.813
3581,7953.800
3582,7747.869
3583,7787.098
3584,7696.221
3585,7583.927
3586,7618.717
3587,7479.831
3588,7529.254
3589,7457.945
3590,7445.951
3591,7552.422
3592,7435.718
3593,7505.011
3594,7457.397
3595,7461.347
3596,7555.496
3597,7446.926
3598,7516.280
3599,7449.907
3600,7443.190
3601,8489.898
3602,9290.084
3603,9801.002
3604,9927.126
3605,9984.858
3606,10010.503
3607,9758.256
3608,9728.908
3609,9665.434
3610,9809.064
3611,10017.657
3612,9954.001
3613,10039.901
3614,9970.725
3615,9979.646
3616,10080.378
3617,9942.442
3618,10020.307
3619,9984.645
3620,10001.409
3621,10092.512
3622,9972.555
3623,9898.563
3624,9347.949
3625,8045.124
3626,7181.748
3627,7281.487
3628,7509.109
3629,7534.557
3630,7577.965
3631,7725.895
3632,7646.853
3633,7712.673
3634,7690.781
3635,7677.059
3636,7804.569
3637,7592.259
3638,7486.116
3639,7321.850
3640,5013.700
3641,2253.687
3642,906.148
3643,369.617
3644,177.549
3645,110.161
3646,93.847
3647,91.228
3648,97.148
3649,106.026
3650,113.624
3651,126.586
3652,136.288
3653,148.212
3654,161.112
3655,171.522
3656,186.624
3657,197.309
3658,210.515
3659,224.231
3660,235.111
3661,249.825
3662,260.605
3663,272.242
3664,283.796
3665,292.184
3666,302.651
3667,307.168
3668,311.920
3669,316.620
3670,317.614
3671,321.762
3672,321.886
3673,323.417
3674,325.429
3675,324.263
3676,326.744
3677,325.213
3678,324.484
3679,324.243
3680,321.373
3681,322.244
3682,319.584
3683,318.428
3684,318.078
3685,314.547
3686,314.332
3687,310.924
3688,308.937
3689,308.280
3690,304.728
3691,304.592
3692,300.819
3693,297.935
3694,296.683
3695,292.841
3696,292.412
3697,288.593
3698,286.185
3699,284.829
3700,280.239
3701,279.124
3702,275.016
3703,272.327
3704,271.073
3705,266.821
3706,265.689
3707,260.639
3708,257.358
3709,255.397
3710,250.725
3711,249.421
3712,244.642
3713,241.465
3714,238.931
3715,233.732
3716,231.789
3717,226.765
3718,223.154
3719,221.245
3720,216.565
3721,214.611
3722,208.716
3723,205.145
3724,203.160
3725,198.635
3726,196.957
3727,191.968
3728,188.511
3729,186.207
3730,181.423
3731,179.960
3732,175.255
3733,171.990
3734,170.521
3735,166.271
3736,164.487
3737,159.689
3738,156.522
3739,155.278
3740,151.199
3741,150.593
3742,145.970
3743,142.088
3744,141.059
3745,137.344
3746,136.708
3747,132.586
3748,129.378
3749,128.916
3750,125.126
3751,124.393
3752,120.519
3753,117.557
3754,117.232
3755,113.891
3756,113.586
3757,109.599
3758,106.460
3759,106.194
3760,103.158
3761,103.241
3762,99.749
3763,97.239
3764,97.184
3765,93.784
3766,93.587
3767,90.472
3768,87.978
3769,88.291
3770,85.740
3771,85.870
3772,82.299
3773,79.784
3774,80.085
3775,77.758
3776,78.127
3777,75.488
3778,73.215
3779,73.046
3780,70.690
3781,70.999
3782,68.794
3783,66.572
3784,67.172
3785,65.098
3786,65.107
3787,62.698
3788,60.601
3789,61.159
3790,59.456
3791,60.291
3792,58.281
3793,55.646
3794,55.908
3795,54.209
3796,55.223
3797,53.369
3798,51.519
3799,51.963
3800,50.056
3801,50.650
3802,48.811
3803,47.224
3804,47.759
3805,46.324
3806,47.310
3807,38.454
3808,16.774
3809,8.959
3810,5.996
3811,5.138
3812,4.693
3813,4.512
3814,4.624
3815,4.507
3816,4.694
3817,4.659
3818,4.626
3819,4.789
3820,4.750
3821,4.979
3822,4.846
3823,4.781
3824,4.935
3825,4.890
3826,5.094
3827,5.058
3828,5.035
3829,5.100
3830,5.018
3831,5.215
3832,5.180
3833,5.172
3834,5.306
3835,5.235
3836,5.390
3837,5.319
3838,5.283
3839,5.407
3840,5.343
3841,5.547
3842,5.493
3843,5.423
3844,5.521
3845,5.424
3846,5.623
3847,5.587
3848,5.561
3849,5.703
3850,5.567
3851,5.733
3852,5.675
3853,5.644
3854,5.774
3855,5.676
3856,5.868
3857,5.827
3858,5.740
3859,5.851
3860,5.740
3861,5.904
3862,5.884
3863,5.866
3864,6.026
3865,5.851
3866,5.993
3867,5.968
3868,5.936
3869,6.089
3870,5.978
3871,6.142
3872,6.055
3873,6.006
3874,6.161
3875,6.029
3876,6.176
3877,6.161
3878,6.140
3879,6.245
3880,6.090
3881,6.190
3882,6.180
3883,6.178
3884,6.330
3885,6.237
3886,6.291
3887,6.243
3888,6.225
3889,6.353
3890,6.253
3891,6.361
3892,6.378
3893,6.302
3894,6.399
3895,6.305
3896,6.387
3897,6.387
3898,6.356
3899,6.520
3900,6.400
3901,6.441
3902,6.418
3903,6.415
3904,6.563
3905,6.469
3906,6.560
3907,6.522
3908,6.446
3909,6.555
3910,6.495
3911,6.552
3912,6.549
3913,6.570
3914,6.699
3915,6.553
3916,6.593
3917,6.568
3918,6.590
3919,6.711
3920,6.670
3921,6.731
3922,6.636
3923,6.613
3924,6.721
3925,6.660
3926,6.715
3927,6.678
3928,6.698
3929,6.765
3930,6.675
3931,6.730
3932,6.671
3933,6.690
3934,6.838
3935,6.791
3936,6.780
3937,6.698
3938,6.712
3939,6.826
3940,6.792
3941,6.853
3942,6.811
3943,6.769
3944,6.854
3945,6.807
3946,6.862
3947,6.823
3948,6.832
3949,6.960
3950,6.913
3951,6.978
3952,6.938
3953,6.924
3954,7.070
3955,7.027
3956,7.108
3957,7.039
3958,7.031
3959,7.170
3960,7.125
3961,7.206
3962,7.154
3963,7.122
3964,7.260
3965,7.231
3966,7.303
3967,7.267
3968,7.247
3969,7.366
3970,7.345
3971,7.413
3972,7.369
3973,7.340
3974,7.474
3975,7.454
3976,7.514
3977,7.463
3978,7.424
3979,7.558
3980,7.543
3981,7.609
3982,7.591
3983,7.547
3984,7.679
3985,7.656
3986,7.714
3987,7.699
3988,7.649
3989,7.762
3990,7.745
3991,7.779
3992,7.782
3993,7.738
3994,7.833
3995,7.826
3996,7.867
3997,7.887
3998,7.834
3999,7.928
4000,7.911
4001,7.950
4002,7.977
4003,7.932
4004,8.015
4005,8.001
4006,8.041
4007,8.059
4008,8.012
4009,8.077
4010,8.074
4011,8.127
4012,8.148
4013,8.108
4014,8.165
4015,8.164
4016,8.204
4017,8.241
4018,8.204
4019,8.238
4020,8.249
4021,8.261
4022,8.300
4023,8.260
4024,8.308
4025,8.316
4026,8.339
4027,8.378
4028,8.343
4029,8.379
4030,8.388
4031,8.406
4032,8.448
4033,8.428
4034,8.459
4035,8.455
4036,8.495
4037,8.528
4038,8.499
4039,8.444
4040,8.419
4041,8.434
4042,8.486
4043,8.460
4044,8.471
4045,8.466
4046,8.415
4047,8.430
4048,8.419
4049,8.435
4050,8.413
4051,8.450
4052,8.490
4053,8.408
4054,8.402
4055,8.359
4056,8.384
4057,8.432
4058,8.430
4059,8.443
4060,8.346
4061,8.367
4062,8.402
4063,8.398
4064,8.416
4065,8.374
4066,8.411
4067,8.399
4068,8.375
4069,8.384
4070,8.342
4071,8.369
4072,8.414
4073,8.421
4074,8.382
4075,8.316
4076,8.334
4077,8.369
4078,8.370
4079,8.397
4080,8.359
4081,8.344
4082,8.342
4083,8.344
4084,8.370
4085,8.330
4086,8.353
4087,8.403
4088,8.376
4089,8.343
4090,8.302
4091,8.304
4092,8.351
4093,8.357
4094,8.385
4095,8.316
4096,8.264
4097,8.302
4098,8.319
4099,8.359
4100,8.327
4101,8.308
4102,8.322
4103,8.305
4104,8.299
4105,8.257
4106,8.252
4107,8.292
4108,8.325
4109,8.312
4110,8.243
4111,8.211
4112,8.239
4113,8.271
4114,8.285
4115,8.293
4116,8.266
4117,8.236
4118,8.246
4119,8.260
4120,8.259
4121,8.227
4122,8.257
4123,8.288
4124,8.242
4125,8.228
4126,8.192
4127,8.215
4128,8.248
4129,8.299
4130,8.302
4131,8.202
4132,8.183
4133,8.208
4134,8.259
4135,8.264
4136,8.226
4137,8.246
4138,8.215
4139,8.214
4140,8.218
4141,8.185
4142,8.196
4143,8.231
4144,8.278
4145,8.234
4146,8.164
4147,8.152
4148,8.190
4149,8.233
4150,8.236
4151,8.215
4152,8.148
4153,8.149
4154,8.186
4155,8.169
4156,8.161
4157,8.179
4158,8.205
4159,8.211
4160,8.150
4161,8.130
4162,8.110
4163,8.130
4164,8.193
4165,8.188
4166,8.184
4167,8.121
4168,8.110
4169,8.176
4170,8.167
4171,8.168
4172,8.159
4173,8.139
4174,8.153
4175,8.126
4176,8.139
4177,8.127
4178,8.120
4179,8.196
4180,8.193
4181,8.115
4182,8.091
4183,8.072
4184,8.161
4185,8.936
4186,9.201
4187,9.294
4188,9.292
4189,9.399
4190,9.374
4191,9.377
4192,9.268
4193,9.189
4194,9.258
4195,9.241
4196,9.243
4197,9.261
4198,9.211
4199,9.297
4200,9.286
4201,9.204
4202,9.182
4203,9.118
4204,9.197
4205,9.174
4206,9.197
4207,9.232
4208,9.162
4209,9.236
4210,9.144
4211,9.142
4212,9.128
4213,9.067
4214,9.148
4215,9.133
4216,9.166
4217,9.177
4218,9.123
4219,9.143
4220,9.070
4221,9.082
4222,9.083
4223,9.026
4224,9.091
4225,9.079
4226,9.110
4227,9.118
4228,9.037
4229,9.014
4230,8.980
4231,9.009
4232,9.024
4233,8.987
4234,9.032
4235,9.010
4236,9.058
4237,9.075
4238,8.940
4239,8.962
4240,8.930
4241,8.994
4242,8.987
4243,8.944
4244,9.002
4245,8.982
4246,9.046
4247,8.984
4248,8.913
4249,8.954
4250,8.920
4251,8.989
4252,8.990
4253,8.959
4254,8.948
4255,8.866
4256,8.927
4257,8.930
4258,8.906
4259,8.952
4260,8.907
4261,8.924
4262,8.889
4263,8.850
4264,8.883
4265,8.833
4266,8.924
4267,8.917
4268,8.842
4269,8.865
4270,8.773
4271,8.880
4272,8.850
4273,8.835
4274,8.904
4275,8.794
4276,8.824
4277,8.790
4278,8.752
4279,8.828
4280,8.741
4281,8.829
4282,8.820
4283,8.802
4284,8.872
4285,8.697
4286,8.775
4287,8.764
4288,8.734
4289,8.819
4290,8.728
4291,8.814
4292,8.751
4293,8.688
4294,8.795
4295,8.671
4296,8.768
4297,8.765
4298,8.737
4299,8.801
4300,8.649
4301,8.713
4302,8.706
4303,8.682
4304,8.788
4305,8.678
4306,8.726
4307,8.664
4308,8.620
4309,8.725
4310,8.616
4311,8.695
4312,8.696
4313,8.661
4314,8.695
4315,8.575
4316,8.629
4317,8.629
4318,8.615
4319,8.739
4320,8.636
4321,8.650
4322,8.604
4323,8.561
4324,8.694
4325,8.602
4326,8.672
4327,8.642
4328,8.537
4329,8.648
4330,8.539
4331,8.602
4332,8.572
4333,8.551
4334,8.695
4335,8.528
4336,8.568
4337,8.514
4338,8.487
4339,8.620
4340,8.544
4341,8.603
4342,8.514
4343,8.448
4344,8.563
4345,8.482
4346,8.551
4347,8.501
4348,8.483
4349,8.597
4350,8.457
4351,8.536
4352,8.451
4353,8.431
4354,8.571
4355,8.488
4356,8.578
4357,8.413
4358,8.378
4359,8.508
4360,8.423
4361,8.523
4362,8.428
4363,8.419
4364,8.501
4365,8.390
4366,8.487
4367,8.393
4368,8.368
4369,8.521
4370,8.435
4371,8.478
4372,8.349
4373,8.307
4374,8.461
4375,8.383
4376,8.523
4377,8.404
4378,8.309
4379,8.437
4380,8.334
4381,8.464
4382,8.345
4383,8.313
4384,8.476
4385,8.344
4386,8.451
4387,8.310
4388,8.238
4389,8.406
4390,8.331
4391,8.489
4392,8.330
4393,8.212
4394,8.359
4395,8.268
4396,8.418
4397,8.311
4398,8.235
4399,8.422
4400,8.264
4401,8.390
4402,8.268
4403,8.177
4404,8.378
4405,8.280
4406,8.448
4407,8.268
4408,8.151
4409,8.331
4410,8.229
4411,8.404
4412,8.288
4413,8.203
4414,8.333
4415,8.197
4416,8.352
4417,8.254
4418,8.148
4419,8.332
4420,8.246
4421,8.375
4422,8.225
4423,8.109
4424,8.278
4425,8.185
4426,8.357
4427,8.266
4428,8.150
4429,8.241
4430,8.142
4431,8.326
4432,8.226
4433,8.134
4434,8.287
4435,8.186
4436,8.302
4437,8.181
4438,8.070
4439,8.221
4440,8.140
4441,8.333
4442,8.232
4443,8.083
4444,8.212
4445,8.127
4446,8.315
4447,8.218
4448,8.060
4449,8.169
4450,8.078
4451,8.266
4452,8.160
4453,8.086
4454,8.219
4455,8.060
4456,8.213
4457,8.099
4458,8.035
4459,8.173
4460,8.082
4461,8.286
4462,8.136
4463,8.023
4464,8.137
4465,8.031
4466,8.237
4467,8.130
4468,8.082
4469,8.177
4470,8.012
4471,8.211
4472,8.090
4473,8.035
4474,8.159
4475,8.050
4476,8.243
4477,8.067
4478,7.992
4479,8.103
4480,7.981
4481,8.208
4482,8.105
4483,8.056
4484,8.096
4485,7.947
4486,8.192
4487,8.075
4488,8.042
4489,8.145
4490,7.985
4491,8.156
4492,7.995
4493,7.956
4494,8.076
4495,7.928
4496,8.166
4497,8.061
4498,7.979
4499,8.063
4500,7.897
4501,8.117
4502,8.000
4503,7.990
4504,8.133
4505,7.944
4506,8.105
4507,7.981
4508,7.938
4509,8.088
4510,7.916
4511,8.136
4512,8.016
4513,7.952
4514,8.061
4515,7.881
4516,8.103
4517,7.998
4518,7.988
4519,8.124
4520,7.877
4521,8.066
4522,7.939
4523,7.932
4524,8.072
4525,7.896
4526,8.114
4527,7.930
4528,7.905
4529,8.026
4530,7.873
4531,8.063
4532,7.965
4533,7.966
4534,8.032
4535,7.825
4536,8.015
4537,7.910
4538,7.902
4539,8.039
4540,7.897
4541,8.059
4542,7.874
4543,7.874
4544,7.992
4545,7.835
4546,8.042
4547,7.911
4548,7.927
4549,7.989
4550,7.823
4551,8.020
4552,7.886
4553,7.903
4554,8.031
4555,7.889
4556,7.994
4557,7.816
4558,7.843
4559,7.963
4560,7.819
4561,8.025
4562,7.866
4563,7.840
4564,7.928
4565,7.783
4566,7.976
4567,7.823
4568,7.891
4569,8.003
4570,7.793
4571,7.986
4572,7.777
4573,7.846
4574,7.950
4575,7.810
4576,8.039
4577,7.781
4578,7.802
4579,7.897
4580,7.755
4581,7.973
4582,7.785
4583,7.849
4584,7.918
4585,7.734
4586,7.951
4587,7.744
4588,7.793
4589,7.910
4590,7.777
4591,8.007
4592,7.744
4593,7.762
4594,7.866
4595,7.731
4596,8.001
4597,7.785
4598,7.832
4599,7.867
4600,7.710
4601,7.961
4602,7.741
4603,7.791
4604,7.897
4605,7.754
4606,7.955
4607,7.707
4608,7.726
4609,7.833
4610,7.701
4611,7.962
4612,7.755
4613,7.742
4614,7.814
4615,7.657
4616,7.914
4617,7.717
4618,7.733
4619,7.849
4620,7.678
4621,7.885
4622,7.668
4623,7.707
4624,7.798
4625,7.662
4626,7.939
4627,7.711
4628,7.690
4629,7.765
4630,7.626
4631,7.895
4632,7.707
4633,7.737
4634,7.809
4635,7.618
4636,7.865
4637,7.667
4638,7.685
4639,7.749
4640,7.623
4641,7.909
4642,7.661
4643,7.647
4644,7.707
4645,7.577
4646,7.866
4647,7.690
4648,7.716
4649,7.723
4650,7.573
4651,7.855
4652,7.670
4653,7.717
4654,7.752
4655,7.614
4656,7.869
4657,7.629
4658,7.658
4659,7.683
4660,7.565
4661,7.868
4662,7.680
4663,7.729
4664,7.680
4665,7.517
4666,7.803
4667,7.630
4668,7.689
4669,7.711
4670,7.586
4671,7.809
4672,7.570
4673,7.645
4674,7.667
4675,7.534
4676,7.832
4677,7.638
4678,7.664
4679,7.644
4680,7.480
4681,7.792
4682,7.611
4683,7.700
4684,7.706
4685,7.491
4686,7.773
4687,7.575
4688,7.670
4689,7.672
4690,7.514
4691,7.848
4692,7.600
4693,7.660
4694,7.638
4695,7.464
4696,7.790
4697,7.612
4698,7.721
4699,7.687
4700,7.452
4701,7.753
4702,7.572
4703,7.668
4704,7.687
4705,7.489
4706,7.810
4707,7.563
4708,7.655
4709,7.652
4710,7.449
4711,7.773
4712,7.590
4713,7.717
4714,7.659
4715,7.410
4716,7.738
4717,7.546
4718,7.672
4719,7.690
4720,7.473
4721,7.725
4722,7.505
4723,7.619
4724,7.642
4725,7.430
4726,7.735
4727,7.550
4728,7.616
4729,7.620
4730,7.402
4731,7.693
4732,7.527
4733,7.661
4734,7.685
4735,7.425
4736,7.669
4737,7.482
4738,7.609
4739,7.624
4740,7.431
4741,7.718
4742,7.499
4743,7.589
4744,7.600
4745,7.401
4746,7.679
4747,7.503
4748,7.645
4749,7.640
4750,7.365
4751,7.622
4752,7.445
4753,7.600
4754,7.620
4755,7.426
4756,7.699
4757,7.440
4758,7.563
4759,7.575
4760,7.417
4761,7.649
4762,7.454
4763,7.627
4764,7.564
4765,7.411
4766,7.645
4767,7.431
4768,7.597
4769,7.610
4770,7.460
4771,7.646
4772,7.383
4773,7.547
4774,7.559
4775,7.416
4776,7.648
4777,7.434
4778,7.556
4779,7.539
4780,7.390
4781,7.612
4782,7.384
4783,7.568
4784,7.582
4785,7.405
4786,7.610
4787,7.363
4788,7.547
4789,7.548
4790,7.438
4791,7.661
4792,7.372
4793,7.516
4794,7.506
4795,7.377
4796,7.620
4797,7.366
4798,7.555
4799,7.541
4800,7.369
4801,7.596
4802,7.327
4803,7.513
4804,7.535
4805,7.412
4806,7.658
4807,7.326
4808,7.466
4809,7.471
4810,7.362
4811,7.632
4812,7.365
4813,7.520
4814,7.480
4815,7.354
4816,7.596
4817,7.331
4818,7.499
4819,7.515
4820,7.423
4821,7.616
4822,7.299
4823,7.443
4824,7.458
4825,7.368
4826,7.619
4827,7.341
4828,7.434
4829,7.430
4830,7.327
4831,7.584
4832,7.326
4833,7.459
4834,7.490
4835,7.365
4836,7.566
4837,7.308
4838,7.438
4839,7.438
4840,7.355
4841,7.610
4842,7.330
4843,7.434
4844,7.405
4845,7.350
4846,7.593
4847,7.349
4848,7.488
4849,7.471
4850,7.339
4851,7.552
4852,7.317
4853,7.462
4854,7.445
4855,7.388
4856,7.607
4857,7.313
4858,7.413
4859,7.383
4860,7.326
4861,7.571
4862,7.335
4863,7.489
4864,7.389
4865,7.298
4866,7.540
4867,7.295
4868,7.446
4869,7.414
4870,7.394
4871,7.560
4872,7.284
4873,7.429
4874,7.364
4875,7.345
4876,7.578
4877,7.336
4878,7.446
4879,7.333
4880,7.297
4881,7.535
4882,7.285
4883,7.470
4884,7.404
4885,7.317
4886,7.520
4887,7.271
4888,7.455
4889,7.360
4890,7.316
4891,7.554
4892,7.282
4893,7.433
4894,7.335
4895,7.287
4896,7.523
4897,7.293
4898,7.502
4899,7.385
4900,7.291
4901,7.505
4902,7.254
4903,7.475
4904,7.396
4905,7.327
4906,7.558
4907,7.246
4908,7.433
4909,7.330
4910,7.273
4911,7.513
4912,7.270
4913,7.487
4914,7.343
4915,7.251
4916,7.485
4917,7.252
4918,7.458
4919,7.388
4920,7.315
4921,7.490
4922,7.213
4923,7.422
4924,7.346
4925,7.291
4926,7.506
4927,7.269
4928,7.437
4929,7.328
4930,7.249
4931,7.461
4932,7.237
4933,7.458
4934,7.398
4935,7.273
4936,7.448
4937,7.215
4938,7.442
4939,7.363
4940,7.290
4941,7.479
4942,7.197
4943,7.389
4944,7.324
4945,7.254
4946,7.437
4947,7.223
4948,7.441
4949,7.371
4950,7.245
4951,7.401
4952,7.177
4953,7.413
4954,7.347
4955,7.303
4956,7.440
4957,7.161
4958,7.367
4959,7.310
4960,7.279
4961,7.422
4962,7.210
4963,7.445
4964,7.303
4965,7.256
4966,7.408
4967,7.169
4968,7.403
4969,7.350
4970,7.334
4971,7.386
4972,7.121
4973,7.355
4974,7.304
4975,7.294
4976,7.417
4977,7.180
4978,7.355
4979,7.281
4980,7.273
4981,7.396
4982,7.134
4983,7.398
4984,7.336
4985,7.276
4986,7.370
4987,7.098
4988,7.364
4989,7.295
4990,7.312
4991,7.435
4992,7.092
4993,7.332
4994,7.255
4995,7.263
4996,7.404
4997,7.123
4998,7.393
4999,7.287
5000,7.252
5001,7.372
5002,7.076
5003,7.350
5004,7.296
5005,7.313
5006,7.409
5007,7.061
5008,7.320
5009,7.254
5010,7.270
5011,7.402
5012,7.116
